timeStamp,elapsed,label,responseCode,responseMessage,threadName,dataType,success,failureMessage,bytes,sentBytes,grpThreads,allThreads,URL,Latency,IdleTime,Connect
1602526918069,3142,Requisição HTTP,200,OK,Grupo de Usuários 1-1,text,true,,786,130,10,10,http://projetosoap.herokuapp.com/,3142,0,190
1602526918566,4312,Requisição HTTP,200,OK,Grupo de Usuários 1-6,text,true,,786,130,10,10,http://projetosoap.herokuapp.com/,4312,0,161
1602526918266,4613,Requisição HTTP,200,OK,Grupo de Usuários 1-3,text,true,,786,130,10,10,http://projetosoap.herokuapp.com/,4613,0,163
1602526918367,4515,Requisição HTTP,200,OK,Grupo de Usuários 1-4,text,true,,786,130,10,10,http://projetosoap.herokuapp.com/,4515,0,164
1602526918466,4417,Requisição HTTP,200,OK,Grupo de Usuários 1-5,text,true,,786,130,10,10,http://projetosoap.herokuapp.com/,4417,0,163
1602526918167,4719,Requisição HTTP,200,OK,Grupo de Usuários 1-2,text,true,,786,130,10,10,http://projetosoap.herokuapp.com/,4719,0,168
1602526918972,4247,Requisição HTTP,200,OK,Grupo de Usuários 1-10,text,true,,786,130,10,10,http://projetosoap.herokuapp.com/,4247,0,161
1602526918666,4554,Requisição HTTP,200,OK,Grupo de Usuários 1-7,text,true,,786,130,10,10,http://projetosoap.herokuapp.com/,4554,0,163
1602526918776,4445,Requisição HTTP,200,OK,Grupo de Usuários 1-8,text,true,,786,130,10,10,http://projetosoap.herokuapp.com/,4445,0,163
1602526918874,4352,Requisição HTTP,200,OK,Grupo de Usuários 1-9,text,true,,786,130,10,10,http://projetosoap.herokuapp.com/,4352,0,168
1602526921212,3801,Requisição HTTP,200,OK,Grupo de Usuários 1-1,text,true,,786,130,10,10,http://projetosoap.herokuapp.com/,3801,0,0
1602526922880,3560,Requisição HTTP,200,OK,Grupo de Usuários 1-6,text,true,,786,130,10,10,http://projetosoap.herokuapp.com/,3560,0,0
1602526922880,3562,Requisição HTTP,200,OK,Grupo de Usuários 1-3,text,true,,786,130,10,10,http://projetosoap.herokuapp.com/,3562,0,0
1602526922883,3560,Requisição HTTP,200,OK,Grupo de Usuários 1-4,text,true,,786,130,10,10,http://projetosoap.herokuapp.com/,3560,0,0
1602526922884,3559,Requisição HTTP,200,OK,Grupo de Usuários 1-5,text,true,,786,130,10,10,http://projetosoap.herokuapp.com/,3559,0,0
1602526922887,3563,Requisição HTTP,200,OK,Grupo de Usuários 1-2,text,true,,786,130,10,10,http://projetosoap.herokuapp.com/,3563,0,0
1602526923220,3554,Requisição HTTP,200,OK,Grupo de Usuários 1-10,text,true,,786,130,10,10,http://projetosoap.herokuapp.com/,3554,0,0
1602526923221,3556,Requisição HTTP,200,OK,Grupo de Usuários 1-7,text,true,,786,130,10,10,http://projetosoap.herokuapp.com/,3556,0,0
1602526923222,3555,Requisição HTTP,200,OK,Grupo de Usuários 1-8,text,true,,786,130,10,10,http://projetosoap.herokuapp.com/,3555,0,0
1602526923227,3555,Requisição HTTP,200,OK,Grupo de Usuários 1-9,text,true,,786,130,10,10,http://projetosoap.herokuapp.com/,3555,0,0
1602526925013,3733,Requisição HTTP,200,OK,Grupo de Usuários 1-1,text,true,,786,130,10,10,http://projetosoap.herokuapp.com/,3733,0,0
1602526926440,3621,Requisição HTTP,200,OK,Grupo de Usuários 1-6,text,true,,786,130,10,10,http://projetosoap.herokuapp.com/,3621,0,0
1602526926443,3620,Requisição HTTP,200,OK,Grupo de Usuários 1-4,text,true,,786,130,10,10,http://projetosoap.herokuapp.com/,3620,0,0
1602526926443,3623,Requisição HTTP,200,OK,Grupo de Usuários 1-3,text,true,,786,130,10,10,http://projetosoap.herokuapp.com/,3623,0,0
1602526926443,3624,Requisição HTTP,200,OK,Grupo de Usuários 1-5,text,true,,786,130,10,10,http://projetosoap.herokuapp.com/,3624,0,0
1602526926451,3617,Requisição HTTP,200,OK,Grupo de Usuários 1-2,text,true,,786,130,10,10,http://projetosoap.herokuapp.com/,3617,0,0
1602526926774,3625,Requisição HTTP,200,OK,Grupo de Usuários 1-10,text,true,,786,130,10,10,http://projetosoap.herokuapp.com/,3625,0,0
1602526926777,3624,Requisição HTTP,200,OK,Grupo de Usuários 1-8,text,true,,786,130,10,10,http://projetosoap.herokuapp.com/,3624,0,0
1602526926777,3624,Requisição HTTP,200,OK,Grupo de Usuários 1-7,text,true,,786,130,10,10,http://projetosoap.herokuapp.com/,3624,0,0
1602526926783,3623,Requisição HTTP,200,OK,Grupo de Usuários 1-9,text,true,,786,130,10,10,http://projetosoap.herokuapp.com/,3623,0,0
1602526928746,3308,Requisição HTTP,200,OK,Grupo de Usuários 1-1,text,true,,786,130,10,10,http://projetosoap.herokuapp.com/,3308,0,0
1602526930061,3349,Requisição HTTP,200,OK,Grupo de Usuários 1-6,text,true,,786,130,10,10,http://projetosoap.herokuapp.com/,3349,0,0
1602526930066,3347,Requisição HTTP,200,OK,Grupo de Usuários 1-3,text,true,,786,130,10,10,http://projetosoap.herokuapp.com/,3347,0,0
1602526930064,3350,Requisição HTTP,200,OK,Grupo de Usuários 1-4,text,true,,786,130,10,10,http://projetosoap.herokuapp.com/,3350,0,0
1602526930067,3347,Requisição HTTP,200,OK,Grupo de Usuários 1-5,text,true,,786,130,10,10,http://projetosoap.herokuapp.com/,3347,0,0
1602526930068,3350,Requisição HTTP,200,OK,Grupo de Usuários 1-2,text,true,,786,130,10,10,http://projetosoap.herokuapp.com/,3350,0,0
1602526930399,3340,Requisição HTTP,200,OK,Grupo de Usuários 1-10,text,true,,786,130,10,10,http://projetosoap.herokuapp.com/,3340,0,0
1602526930401,3342,Requisição HTTP,200,OK,Grupo de Usuários 1-8,text,true,,786,130,10,10,http://projetosoap.herokuapp.com/,3342,0,0
1602526930401,3342,Requisição HTTP,200,OK,Grupo de Usuários 1-7,text,true,,786,130,10,10,http://projetosoap.herokuapp.com/,3342,0,0
1602526930407,3345,Requisição HTTP,200,OK,Grupo de Usuários 1-9,text,true,,786,130,10,10,http://projetosoap.herokuapp.com/,3345,0,0
1602526932054,3468,Requisição HTTP,200,OK,Grupo de Usuários 1-1,text,true,,786,130,10,10,http://projetosoap.herokuapp.com/,3468,0,0
1602526933410,3658,Requisição HTTP,200,OK,Grupo de Usuários 1-6,text,true,,786,130,10,10,http://projetosoap.herokuapp.com/,3658,0,0
1602526933414,3658,Requisição HTTP,200,OK,Grupo de Usuários 1-5,text,true,,786,130,10,10,http://projetosoap.herokuapp.com/,3658,0,0
1602526933413,3659,Requisição HTTP,200,OK,Grupo de Usuários 1-3,text,true,,786,130,10,10,http://projetosoap.herokuapp.com/,3659,0,0
1602526933414,3661,Requisição HTTP,200,OK,Grupo de Usuários 1-4,text,true,,786,130,10,10,http://projetosoap.herokuapp.com/,3661,0,0
1602526933419,3658,Requisição HTTP,200,OK,Grupo de Usuários 1-2,text,true,,786,130,10,10,http://projetosoap.herokuapp.com/,3658,0,0
1602526933739,3671,Requisição HTTP,200,OK,Grupo de Usuários 1-10,text,true,,786,130,10,10,http://projetosoap.herokuapp.com/,3671,0,0
1602526933743,3669,Requisição HTTP,200,OK,Grupo de Usuários 1-8,text,true,,786,130,10,10,http://projetosoap.herokuapp.com/,3669,0,0
1602526933743,3671,Requisição HTTP,200,OK,Grupo de Usuários 1-7,text,true,,786,130,10,10,http://projetosoap.herokuapp.com/,3671,0,0
1602526933752,3666,Requisição HTTP,200,OK,Grupo de Usuários 1-9,text,true,,786,130,10,10,http://projetosoap.herokuapp.com/,3666,0,0
1602526935522,3514,Requisição HTTP,200,OK,Grupo de Usuários 1-1,text,true,,786,130,10,10,http://projetosoap.herokuapp.com/,3514,0,0
1602526937069,3278,Requisição HTTP,200,OK,Grupo de Usuários 1-6,text,true,,786,130,10,10,http://projetosoap.herokuapp.com/,3278,0,0
1602526937072,3277,Requisição HTTP,200,OK,Grupo de Usuários 1-3,text,true,,786,130,10,10,http://projetosoap.herokuapp.com/,3277,0,0
1602526937075,3276,Requisição HTTP,200,OK,Grupo de Usuários 1-4,text,true,,786,130,10,10,http://projetosoap.herokuapp.com/,3276,0,0
1602526937072,3279,Requisição HTTP,200,OK,Grupo de Usuários 1-5,text,true,,786,130,10,10,http://projetosoap.herokuapp.com/,3279,0,0
1602526937078,3279,Requisição HTTP,200,OK,Grupo de Usuários 1-2,text,true,,786,130,10,10,http://projetosoap.herokuapp.com/,3279,0,0
1602526937410,3274,Requisição HTTP,200,OK,Grupo de Usuários 1-10,text,true,,786,130,10,10,http://projetosoap.herokuapp.com/,3274,0,0
1602526937412,3278,Requisição HTTP,200,OK,Grupo de Usuários 1-8,text,true,,786,130,10,10,http://projetosoap.herokuapp.com/,3278,0,0
1602526937414,3277,Requisição HTTP,200,OK,Grupo de Usuários 1-7,text,true,,786,130,10,10,http://projetosoap.herokuapp.com/,3277,0,0
1602526937418,3276,Requisição HTTP,200,OK,Grupo de Usuários 1-9,text,true,,786,130,10,10,http://projetosoap.herokuapp.com/,3276,0,0
1602526939037,3296,Requisição HTTP,200,OK,Grupo de Usuários 1-1,text,true,,786,130,10,10,http://projetosoap.herokuapp.com/,3296,0,0
1602526940347,3301,Requisição HTTP,200,OK,Grupo de Usuários 1-6,text,true,,786,130,10,10,http://projetosoap.herokuapp.com/,3301,0,0
1602526940351,3299,Requisição HTTP,200,OK,Grupo de Usuários 1-5,text,true,,786,130,10,10,http://projetosoap.herokuapp.com/,3299,0,0
1602526940349,3301,Requisição HTTP,200,OK,Grupo de Usuários 1-3,text,true,,786,130,10,10,http://projetosoap.herokuapp.com/,3301,0,0
1602526940351,3302,Requisição HTTP,200,OK,Grupo de Usuários 1-4,text,true,,786,130,10,10,http://projetosoap.herokuapp.com/,3302,0,0
1602526940357,3299,Requisição HTTP,200,OK,Grupo de Usuários 1-2,text,true,,786,130,10,10,http://projetosoap.herokuapp.com/,3299,0,0
1602526940684,3297,Requisição HTTP,200,OK,Grupo de Usuários 1-10,text,true,,786,130,10,10,http://projetosoap.herokuapp.com/,3297,0,0
1602526940690,3293,Requisição HTTP,200,OK,Grupo de Usuários 1-8,text,true,,786,130,10,10,http://projetosoap.herokuapp.com/,3293,0,0
1602526940691,3293,Requisição HTTP,200,OK,Grupo de Usuários 1-7,text,true,,786,130,10,10,http://projetosoap.herokuapp.com/,3293,0,0
1602526940695,3297,Requisição HTTP,200,OK,Grupo de Usuários 1-9,text,true,,786,130,10,10,http://projetosoap.herokuapp.com/,3297,0,0
1602526942334,3328,Requisição HTTP,200,OK,Grupo de Usuários 1-1,text,true,,786,130,10,10,http://projetosoap.herokuapp.com/,3328,0,0
1602526943648,3261,Requisição HTTP,200,OK,Grupo de Usuários 1-6,text,true,,786,130,10,10,http://projetosoap.herokuapp.com/,3261,0,0
1602526943650,3261,Requisição HTTP,200,OK,Grupo de Usuários 1-3,text,true,,786,130,10,10,http://projetosoap.herokuapp.com/,3260,0,0
1602526943650,3262,Requisição HTTP,200,OK,Grupo de Usuários 1-5,text,true,,786,130,10,10,http://projetosoap.herokuapp.com/,3262,0,0
1602526943654,3258,Requisição HTTP,200,OK,Grupo de Usuários 1-4,text,true,,786,130,10,10,http://projetosoap.herokuapp.com/,3258,0,0
1602526943657,3265,Requisição HTTP,200,OK,Grupo de Usuários 1-2,text,true,,786,130,10,10,http://projetosoap.herokuapp.com/,3265,0,0
1602526943982,3240,Requisição HTTP,200,OK,Grupo de Usuários 1-10,text,true,,786,130,10,10,http://projetosoap.herokuapp.com/,3239,0,0
1602526943983,3241,Requisição HTTP,200,OK,Grupo de Usuários 1-8,text,true,,786,130,10,10,http://projetosoap.herokuapp.com/,3241,0,0
1602526943984,3241,Requisição HTTP,200,OK,Grupo de Usuários 1-7,text,true,,786,130,10,10,http://projetosoap.herokuapp.com/,3241,0,0
1602526943993,3237,Requisição HTTP,200,OK,Grupo de Usuários 1-9,text,true,,786,130,10,10,http://projetosoap.herokuapp.com/,3237,0,0
1602526945664,3225,Requisição HTTP,200,OK,Grupo de Usuários 1-1,text,true,,786,130,10,10,http://projetosoap.herokuapp.com/,3225,0,0
1602526946912,3355,Requisição HTTP,200,OK,Grupo de Usuários 1-3,text,true,,786,130,10,10,http://projetosoap.herokuapp.com/,3355,0,0
1602526946913,3356,Requisição HTTP,200,OK,Grupo de Usuários 1-4,text,true,,786,130,10,10,http://projetosoap.herokuapp.com/,3356,0,0
1602526946910,3359,Requisição HTTP,200,OK,Grupo de Usuários 1-6,text,true,,786,130,10,10,http://projetosoap.herokuapp.com/,3359,0,0
1602526946923,3351,Requisição HTTP,200,OK,Grupo de Usuários 1-2,text,true,,786,130,10,10,http://projetosoap.herokuapp.com/,3351,0,0
1602526946913,3362,Requisição HTTP,200,OK,Grupo de Usuários 1-5,text,true,,786,130,10,10,http://projetosoap.herokuapp.com/,3362,0,0
1602526947225,3375,Requisição HTTP,200,OK,Grupo de Usuários 1-8,text,true,,786,130,10,10,http://projetosoap.herokuapp.com/,3375,0,0
1602526947226,3374,Requisição HTTP,200,OK,Grupo de Usuários 1-7,text,true,,786,130,10,10,http://projetosoap.herokuapp.com/,3374,0,0
1602526947223,3378,Requisição HTTP,200,OK,Grupo de Usuários 1-10,text,true,,786,130,10,10,http://projetosoap.herokuapp.com/,3378,0,0
1602526947231,3375,Requisição HTTP,200,OK,Grupo de Usuários 1-9,text,true,,786,130,10,10,http://projetosoap.herokuapp.com/,3375,0,0
1602526948889,3381,Requisição HTTP,200,OK,Grupo de Usuários 1-1,text,true,,786,130,10,10,http://projetosoap.herokuapp.com/,3381,0,0
1602526950268,3295,Requisição HTTP,200,OK,Grupo de Usuários 1-6,text,true,,786,130,10,10,http://projetosoap.herokuapp.com/,3295,0,0
1602526950267,3298,Requisição HTTP,200,OK,Grupo de Usuários 1-3,text,true,,786,130,10,10,http://projetosoap.herokuapp.com/,3298,0,0
1602526950268,3298,Requisição HTTP,200,OK,Grupo de Usuários 1-4,text,true,,786,130,10,10,http://projetosoap.herokuapp.com/,3298,0,0
1602526950274,3294,Requisição HTTP,200,OK,Grupo de Usuários 1-5,text,true,,786,130,10,10,http://projetosoap.herokuapp.com/,3294,0,0
1602526950273,3299,Requisição HTTP,200,OK,Grupo de Usuários 1-2,text,true,,786,130,10,10,http://projetosoap.herokuapp.com/,3299,0,0
1602526950601,3321,Requisição HTTP,200,OK,Grupo de Usuários 1-10,text,true,,786,130,10,10,http://projetosoap.herokuapp.com/,3321,0,0
1602526950600,3324,Requisição HTTP,200,OK,Grupo de Usuários 1-7,text,true,,786,130,10,10,http://projetosoap.herokuapp.com/,3324,0,0
1602526950599,3326,Requisição HTTP,200,OK,Grupo de Usuários 1-8,text,true,,786,130,10,10,http://projetosoap.herokuapp.com/,3326,0,0
1602526950605,3325,Requisição HTTP,200,OK,Grupo de Usuários 1-9,text,true,,786,130,10,10,http://projetosoap.herokuapp.com/,3325,0,0
1602526952269,3375,Requisição HTTP,200,OK,Grupo de Usuários 1-1,text,true,,786,130,10,10,http://projetosoap.herokuapp.com/,3375,0,0
1602526953564,3610,Requisição HTTP,200,OK,Grupo de Usuários 1-6,text,true,,786,130,10,10,http://projetosoap.herokuapp.com/,3610,0,0
1602526953566,3610,Requisição HTTP,200,OK,Grupo de Usuários 1-3,text,true,,786,130,10,10,http://projetosoap.herokuapp.com/,3610,0,0
1602526953567,3610,Requisição HTTP,200,OK,Grupo de Usuários 1-4,text,true,,786,130,10,10,http://projetosoap.herokuapp.com/,3610,0,0
1602526953569,3610,Requisição HTTP,200,OK,Grupo de Usuários 1-5,text,true,,786,130,10,10,http://projetosoap.herokuapp.com/,3610,0,0
1602526953922,3581,Requisição HTTP,200,OK,Grupo de Usuários 1-10,text,true,,786,130,10,10,http://projetosoap.herokuapp.com/,3581,0,0
1602526953924,3582,Requisição HTTP,200,OK,Grupo de Usuários 1-7,text,true,,786,130,10,10,http://projetosoap.herokuapp.com/,3582,0,0
1602526953925,3588,Requisição HTTP,200,OK,Grupo de Usuários 1-8,text,true,,786,130,10,10,http://projetosoap.herokuapp.com/,3588,0,0
1602526953573,3940,Requisição HTTP,200,OK,Grupo de Usuários 1-2,text,true,,786,130,10,10,http://projetosoap.herokuapp.com/,3940,0,0
1602526953930,3583,Requisição HTTP,200,OK,Grupo de Usuários 1-9,text,true,,786,130,10,10,http://projetosoap.herokuapp.com/,3583,0,0
1602526955644,3195,Requisição HTTP,200,OK,Grupo de Usuários 1-1,text,true,,786,130,10,10,http://projetosoap.herokuapp.com/,3195,0,0
1602526957174,3273,Requisição HTTP,200,OK,Grupo de Usuários 1-6,text,true,,786,130,10,10,http://projetosoap.herokuapp.com/,3273,0,0
1602526957177,3272,Requisição HTTP,200,OK,Grupo de Usuários 1-3,text,true,,786,130,10,10,http://projetosoap.herokuapp.com/,3272,0,0
1602526957177,3279,Requisição HTTP,200,OK,Grupo de Usuários 1-4,text,true,,786,130,10,10,http://projetosoap.herokuapp.com/,3279,0,0
1602526957179,3277,Requisição HTTP,200,OK,Grupo de Usuários 1-5,text,true,,786,130,10,10,http://projetosoap.herokuapp.com/,3277,0,0
1602526957504,3296,Requisição HTTP,200,OK,Grupo de Usuários 1-10,text,true,,786,130,10,10,http://projetosoap.herokuapp.com/,3296,0,0
1602526957506,3294,Requisição HTTP,200,OK,Grupo de Usuários 1-7,text,true,,786,130,10,10,http://projetosoap.herokuapp.com/,3294,0,0
1602526957513,3288,Requisição HTTP,200,OK,Grupo de Usuários 1-8,text,true,,786,130,10,10,http://projetosoap.herokuapp.com/,3288,0,0
1602526957513,3293,Requisição HTTP,200,OK,Grupo de Usuários 1-2,text,true,,786,130,10,10,http://projetosoap.herokuapp.com/,3293,0,0
1602526957513,3296,Requisição HTTP,200,OK,Grupo de Usuários 1-9,text,true,,786,130,10,10,http://projetosoap.herokuapp.com/,3296,0,0
1602526958839,3664,Requisição HTTP,200,OK,Grupo de Usuários 1-1,text,true,,786,130,10,10,http://projetosoap.herokuapp.com/,3664,0,0
1602526960448,4186,Requisição HTTP,200,OK,Grupo de Usuários 1-6,text,true,,786,130,10,10,http://projetosoap.herokuapp.com/,4186,0,0
1602526960450,4184,Requisição HTTP,200,OK,Grupo de Usuários 1-3,text,true,,786,130,10,10,http://projetosoap.herokuapp.com/,4184,0,0
1602526960456,4178,Requisição HTTP,200,OK,Grupo de Usuários 1-5,text,true,,786,130,10,10,http://projetosoap.herokuapp.com/,4178,0,0
1602526960456,4179,Requisição HTTP,200,OK,Grupo de Usuários 1-4,text,true,,786,130,10,10,http://projetosoap.herokuapp.com/,4179,0,0
1602526960800,4208,Requisição HTTP,200,OK,Grupo de Usuários 1-10,text,true,,786,130,10,10,http://projetosoap.herokuapp.com/,4208,0,0
1602526960801,4209,Requisição HTTP,200,OK,Grupo de Usuários 1-8,text,true,,786,130,10,10,http://projetosoap.herokuapp.com/,4209,0,0
1602526960800,4210,Requisição HTTP,200,OK,Grupo de Usuários 1-7,text,true,,786,130,10,10,http://projetosoap.herokuapp.com/,4210,0,0
1602526960809,4206,Requisição HTTP,200,OK,Grupo de Usuários 1-9,text,true,,786,130,10,10,http://projetosoap.herokuapp.com/,4206,0,0
1602526960806,4210,Requisição HTTP,200,OK,Grupo de Usuários 1-2,text,true,,786,130,10,10,http://projetosoap.herokuapp.com/,4210,0,0
1602526962504,3853,Requisição HTTP,200,OK,Grupo de Usuários 1-1,text,true,,786,130,10,10,http://projetosoap.herokuapp.com/,3853,0,0
1602526964634,3732,Requisição HTTP,200,OK,Grupo de Usuários 1-6,text,true,,786,130,10,10,http://projetosoap.herokuapp.com/,3732,0,0
1602526964634,3732,Requisição HTTP,200,OK,Grupo de Usuários 1-3,text,true,,786,130,10,10,http://projetosoap.herokuapp.com/,3732,0,0
1602526964634,3732,Requisição HTTP,200,OK,Grupo de Usuários 1-5,text,true,,786,130,10,10,http://projetosoap.herokuapp.com/,3732,0,0
1602526964635,3732,Requisição HTTP,200,OK,Grupo de Usuários 1-4,text,true,,786,130,10,10,http://projetosoap.herokuapp.com/,3732,0,0
1602526965009,3838,Requisição HTTP,200,OK,Grupo de Usuários 1-10,text,true,,786,130,10,10,http://projetosoap.herokuapp.com/,3838,0,0
1602526965010,3840,Requisição HTTP,200,OK,Grupo de Usuários 1-7,text,true,,786,130,10,10,http://projetosoap.herokuapp.com/,3840,0,0
1602526965010,3840,Requisição HTTP,200,OK,Grupo de Usuários 1-8,text,true,,786,130,10,10,http://projetosoap.herokuapp.com/,3840,0,0
1602526965015,3841,Requisição HTTP,200,OK,Grupo de Usuários 1-9,text,true,,786,130,10,10,http://projetosoap.herokuapp.com/,3841,0,0
1602526965016,3843,Requisição HTTP,200,OK,Grupo de Usuários 1-2,text,true,,786,130,10,10,http://projetosoap.herokuapp.com/,3843,0,0
1602526966357,4111,Requisição HTTP,200,OK,Grupo de Usuários 1-1,text,true,,786,130,10,10,http://projetosoap.herokuapp.com/,4111,0,0
1602526968366,4130,Requisição HTTP,200,OK,Grupo de Usuários 1-6,text,true,,786,130,10,10,http://projetosoap.herokuapp.com/,4130,0,0
1602526968366,4132,Requisição HTTP,200,OK,Grupo de Usuários 1-3,text,true,,786,130,10,10,http://projetosoap.herokuapp.com/,4132,0,0
1602526968367,4132,Requisição HTTP,200,OK,Grupo de Usuários 1-5,text,true,,786,130,10,10,http://projetosoap.herokuapp.com/,4132,0,0
1602526968367,4132,Requisição HTTP,200,OK,Grupo de Usuários 1-4,text,true,,786,130,10,10,http://projetosoap.herokuapp.com/,4132,0,0
1602526968848,4045,Requisição HTTP,200,OK,Grupo de Usuários 1-10,text,true,,786,130,10,10,http://projetosoap.herokuapp.com/,4045,0,0
1602526968851,4042,Requisição HTTP,200,OK,Grupo de Usuários 1-8,text,true,,786,130,10,10,http://projetosoap.herokuapp.com/,4042,0,0
1602526968851,4043,Requisição HTTP,200,OK,Grupo de Usuários 1-7,text,true,,786,130,10,10,http://projetosoap.herokuapp.com/,4043,0,0
1602526968856,4044,Requisição HTTP,200,OK,Grupo de Usuários 1-9,text,true,,786,130,10,10,http://projetosoap.herokuapp.com/,4044,0,0
1602526968859,5357,Requisição HTTP,200,OK,Grupo de Usuários 1-2,text,true,,786,130,10,10,http://projetosoap.herokuapp.com/,5357,0,0
1602526970468,5038,Requisição HTTP,200,OK,Grupo de Usuários 1-1,text,true,,786,130,10,10,http://projetosoap.herokuapp.com/,5038,0,0
1602526972498,3009,Requisição HTTP,200,OK,Grupo de Usuários 1-3,text,true,,786,130,10,10,http://projetosoap.herokuapp.com/,3009,0,0
1602526972499,3009,Requisição HTTP,200,OK,Grupo de Usuários 1-5,text,true,,786,130,10,10,http://projetosoap.herokuapp.com/,3009,0,0
1602526972499,3010,Requisição HTTP,200,OK,Grupo de Usuários 1-4,text,true,,786,130,10,10,http://projetosoap.herokuapp.com/,3010,0,0
1602526972497,3013,Requisição HTTP,200,OK,Grupo de Usuários 1-6,text,true,,786,130,10,10,http://projetosoap.herokuapp.com/,3013,0,0
1602526972894,2945,Requisição HTTP,200,OK,Grupo de Usuários 1-10,text,true,,786,130,10,10,http://projetosoap.herokuapp.com/,2945,0,0
1602526972894,2947,Requisição HTTP,200,OK,Grupo de Usuários 1-8,text,true,,786,130,10,10,http://projetosoap.herokuapp.com/,2947,0,0
1602526972894,2947,Requisição HTTP,200,OK,Grupo de Usuários 1-7,text,true,,786,130,10,10,http://projetosoap.herokuapp.com/,2947,0,0
1602526972900,2950,Requisição HTTP,200,OK,Grupo de Usuários 1-9,text,true,,786,130,10,10,http://projetosoap.herokuapp.com/,2950,0,0
1602526974217,3280,Requisição HTTP,200,OK,Grupo de Usuários 1-2,text,true,,786,130,10,10,http://projetosoap.herokuapp.com/,3280,0,0
1602526975510,3303,Requisição HTTP,200,OK,Grupo de Usuários 1-6,text,true,,786,130,10,10,http://projetosoap.herokuapp.com/,3303,0,0
1602526975507,3307,Requisição HTTP,200,OK,Grupo de Usuários 1-1,text,true,,786,130,10,10,http://projetosoap.herokuapp.com/,3307,0,0
1602526975508,3306,Requisição HTTP,200,OK,Grupo de Usuários 1-3,text,true,,786,130,10,10,http://projetosoap.herokuapp.com/,3306,0,0
1602526975509,3307,Requisição HTTP,200,OK,Grupo de Usuários 1-4,text,true,,786,130,10,10,http://projetosoap.herokuapp.com/,3307,0,0
1602526975508,3308,Requisição HTTP,200,OK,Grupo de Usuários 1-5,text,true,,786,130,10,10,http://projetosoap.herokuapp.com/,3308,0,0
1602526975839,3296,Requisição HTTP,200,OK,Grupo de Usuários 1-10,text,true,,786,130,10,10,http://projetosoap.herokuapp.com/,3296,0,0
1602526975841,3296,Requisição HTTP,200,OK,Grupo de Usuários 1-8,text,true,,786,130,10,10,http://projetosoap.herokuapp.com/,3296,0,0
1602526975841,3297,Requisição HTTP,200,OK,Grupo de Usuários 1-7,text,true,,786,130,10,10,http://projetosoap.herokuapp.com/,3297,0,0
1602526975850,3293,Requisição HTTP,200,OK,Grupo de Usuários 1-9,text,true,,786,130,10,10,http://projetosoap.herokuapp.com/,3293,0,0
1602526977497,1647,Requisição HTTP,200,OK,Grupo de Usuários 1-2,text,true,,786,130,10,10,http://projetosoap.herokuapp.com/,1647,0,0
1602526978815,4095,Requisição HTTP,200,OK,Grupo de Usuários 1-3,text,true,,786,130,10,10,http://projetosoap.herokuapp.com/,4095,0,212
1602526978817,4093,Requisição HTTP,200,OK,Grupo de Usuários 1-5,text,true,,786,130,10,10,http://projetosoap.herokuapp.com/,4093,0,208
1602526978815,4097,Requisição HTTP,200,OK,Grupo de Usuários 1-1,text,true,,786,130,10,10,http://projetosoap.herokuapp.com/,4097,0,213
1602526979138,3775,Requisição HTTP,200,OK,Grupo de Usuários 1-7,text,true,,786,130,10,10,http://projetosoap.herokuapp.com/,3775,0,163
1602526979137,3776,Requisição HTTP,200,OK,Grupo de Usuários 1-8,text,true,,786,130,10,10,http://projetosoap.herokuapp.com/,3776,0,164
1602526978816,4097,Requisição HTTP,200,OK,Grupo de Usuários 1-4,text,true,,786,130,10,10,http://projetosoap.herokuapp.com/,4097,0,209
1602526978814,4100,Requisição HTTP,200,OK,Grupo de Usuários 1-6,text,true,,786,130,10,10,http://projetosoap.herokuapp.com/,4100,0,217
1602526979144,3770,Requisição HTTP,200,OK,Grupo de Usuários 1-2,text,true,,786,130,10,10,http://projetosoap.herokuapp.com/,3770,0,164
1602526979135,3781,Requisição HTTP,200,OK,Grupo de Usuários 1-10,text,true,,786,130,10,10,http://projetosoap.herokuapp.com/,3781,0,164
1602526979143,3775,Requisição HTTP,200,OK,Grupo de Usuários 1-9,text,true,,786,130,10,10,http://projetosoap.herokuapp.com/,3775,0,168
1602526982911,3421,Requisição HTTP,200,OK,Grupo de Usuários 1-3,text,true,,786,130,10,10,http://projetosoap.herokuapp.com/,3421,0,0
1602526982914,3418,Requisição HTTP,200,OK,Grupo de Usuários 1-7,text,true,,786,130,10,10,http://projetosoap.herokuapp.com/,3418,0,0
1602526982913,3421,Requisição HTTP,200,OK,Grupo de Usuários 1-1,text,true,,786,130,10,10,http://projetosoap.herokuapp.com/,3421,0,0
1602526982914,3420,Requisição HTTP,200,OK,Grupo de Usuários 1-8,text,true,,786,130,10,10,http://projetosoap.herokuapp.com/,3420,0,0
1602526982916,3418,Requisição HTTP,200,OK,Grupo de Usuários 1-2,text,true,,786,130,10,10,http://projetosoap.herokuapp.com/,3418,0,0
1602526982917,3417,Requisição HTTP,200,OK,Grupo de Usuários 1-10,text,true,,786,130,10,10,http://projetosoap.herokuapp.com/,3417,0,0
1602526982914,3422,Requisição HTTP,200,OK,Grupo de Usuários 1-4,text,true,,786,130,10,10,http://projetosoap.herokuapp.com/,3422,0,0
1602526982911,3425,Requisição HTTP,200,OK,Grupo de Usuários 1-5,text,true,,786,130,10,10,http://projetosoap.herokuapp.com/,3425,0,0
1602526982916,3423,Requisição HTTP,200,OK,Grupo de Usuários 1-6,text,true,,786,130,10,10,http://projetosoap.herokuapp.com/,3423,0,0
1602526982919,3420,Requisição HTTP,200,OK,Grupo de Usuários 1-9,text,true,,786,130,10,10,http://projetosoap.herokuapp.com/,3420,0,0
1602526986331,3719,Requisição HTTP,200,OK,Grupo de Usuários 1-7,text,true,,786,130,10,10,http://projetosoap.herokuapp.com/,3719,0,0
1602526986331,3720,Requisição HTTP,200,OK,Grupo de Usuários 1-3,text,true,,786,130,10,10,http://projetosoap.herokuapp.com/,3720,0,0
1602526986334,3718,Requisição HTTP,200,OK,Grupo de Usuários 1-2,text,true,,786,130,10,10,http://projetosoap.herokuapp.com/,3718,0,0
1602526986333,3721,Requisição HTTP,200,OK,Grupo de Usuários 1-8,text,true,,786,130,10,10,http://projetosoap.herokuapp.com/,3721,0,0
1602526986333,3721,Requisição HTTP,200,OK,Grupo de Usuários 1-1,text,true,,786,130,10,10,http://projetosoap.herokuapp.com/,3721,0,0
1602526986334,3720,Requisição HTTP,200,OK,Grupo de Usuários 1-10,text,true,,786,130,10,10,http://projetosoap.herokuapp.com/,3720,0,0
1602526986335,3719,Requisição HTTP,200,OK,Grupo de Usuários 1-4,text,true,,786,130,10,10,http://projetosoap.herokuapp.com/,3719,0,0
1602526986335,3720,Requisição HTTP,200,OK,Grupo de Usuários 1-5,text,true,,786,130,10,10,http://projetosoap.herokuapp.com/,3720,0,0
1602526986338,3720,Requisição HTTP,200,OK,Grupo de Usuários 1-9,text,true,,786,130,10,10,http://projetosoap.herokuapp.com/,3720,0,0
1602526986338,3720,Requisição HTTP,200,OK,Grupo de Usuários 1-6,text,true,,786,130,10,10,http://projetosoap.herokuapp.com/,3720,0,0
1602526990050,3484,Requisição HTTP,200,OK,Grupo de Usuários 1-7,text,true,,786,130,10,10,http://projetosoap.herokuapp.com/,3484,0,0
1602526990050,3486,Requisição HTTP,200,OK,Grupo de Usuários 1-3,text,true,,786,130,10,10,http://projetosoap.herokuapp.com/,3486,0,0
1602526990054,3482,Requisição HTTP,200,OK,Grupo de Usuários 1-8,text,true,,786,130,10,10,http://projetosoap.herokuapp.com/,3482,0,0
1602526990054,3483,Requisição HTTP,200,OK,Grupo de Usuários 1-10,text,true,,786,130,10,10,http://projetosoap.herokuapp.com/,3483,0,0
1602526990054,3484,Requisição HTTP,200,OK,Grupo de Usuários 1-1,text,true,,786,130,10,10,http://projetosoap.herokuapp.com/,3484,0,0
1602526990054,3484,Requisição HTTP,200,OK,Grupo de Usuários 1-5,text,true,,786,130,10,10,http://projetosoap.herokuapp.com/,3484,0,0
1602526990054,3485,Requisição HTTP,200,OK,Grupo de Usuários 1-4,text,true,,786,130,10,10,http://projetosoap.herokuapp.com/,3485,0,0
1602526990051,3488,Requisição HTTP,200,OK,Grupo de Usuários 1-2,text,true,,786,130,10,10,http://projetosoap.herokuapp.com/,3487,0,0
1602526990058,3485,Requisição HTTP,200,OK,Grupo de Usuários 1-6,text,true,,786,130,10,10,http://projetosoap.herokuapp.com/,3485,0,0
1602526990058,3485,Requisição HTTP,200,OK,Grupo de Usuários 1-9,text,true,,786,130,10,10,http://projetosoap.herokuapp.com/,3485,0,0
1602526993535,3572,Requisição HTTP,200,OK,Grupo de Usuários 1-7,text,true,,786,130,10,10,http://projetosoap.herokuapp.com/,3572,0,0
1602526993536,3573,Requisição HTTP,200,OK,Grupo de Usuários 1-8,text,true,,786,130,10,10,http://projetosoap.herokuapp.com/,3573,0,0
1602526993536,3573,Requisição HTTP,200,OK,Grupo de Usuários 1-3,text,true,,786,130,10,10,http://projetosoap.herokuapp.com/,3573,0,0
1602526993538,3572,Requisição HTTP,200,OK,Grupo de Usuários 1-1,text,true,,786,130,10,10,http://projetosoap.herokuapp.com/,3572,0,0
1602526993537,3573,Requisição HTTP,200,OK,Grupo de Usuários 1-10,text,true,,786,130,10,10,http://projetosoap.herokuapp.com/,3573,0,0
1602526993539,3572,Requisição HTTP,200,OK,Grupo de Usuários 1-4,text,true,,786,130,10,10,http://projetosoap.herokuapp.com/,3572,0,0
1602526993538,3574,Requisição HTTP,200,OK,Grupo de Usuários 1-5,text,true,,786,130,10,10,http://projetosoap.herokuapp.com/,3574,0,0
1602526993539,3573,Requisição HTTP,200,OK,Grupo de Usuários 1-2,text,true,,786,130,10,10,http://projetosoap.herokuapp.com/,3573,0,0
1602526993543,3572,Requisição HTTP,200,OK,Grupo de Usuários 1-6,text,true,,786,130,10,10,http://projetosoap.herokuapp.com/,3572,0,0
1602526993543,3573,Requisição HTTP,200,OK,Grupo de Usuários 1-9,text,true,,786,130,10,10,http://projetosoap.herokuapp.com/,3573,0,0
1602526997109,3746,Requisição HTTP,200,OK,Grupo de Usuários 1-7,text,true,,786,130,10,10,http://projetosoap.herokuapp.com/,3746,0,0
1602526997110,3745,Requisição HTTP,200,OK,Grupo de Usuários 1-3,text,true,,786,130,10,10,http://projetosoap.herokuapp.com/,3745,0,0
1602526997110,3745,Requisição HTTP,200,OK,Grupo de Usuários 1-8,text,true,,786,130,10,10,http://projetosoap.herokuapp.com/,3745,0,0
1602526997113,3743,Requisição HTTP,200,OK,Grupo de Usuários 1-2,text,true,,786,130,10,10,http://projetosoap.herokuapp.com/,3743,0,0
1602526997111,3746,Requisição HTTP,200,OK,Grupo de Usuários 1-1,text,true,,786,130,10,10,http://projetosoap.herokuapp.com/,3746,0,0
1602526997112,3745,Requisição HTTP,200,OK,Grupo de Usuários 1-4,text,true,,786,130,10,10,http://projetosoap.herokuapp.com/,3745,0,0
1602526997113,3746,Requisição HTTP,200,OK,Grupo de Usuários 1-5,text,true,,786,130,10,10,http://projetosoap.herokuapp.com/,3746,0,0
1602526997111,3749,Requisição HTTP,200,OK,Grupo de Usuários 1-10,text,true,,786,130,10,10,http://projetosoap.herokuapp.com/,3749,0,0
1602526997117,3745,Requisição HTTP,200,OK,Grupo de Usuários 1-9,text,true,,786,130,10,10,http://projetosoap.herokuapp.com/,3745,0,0
1602526997116,3747,Requisição HTTP,200,OK,Grupo de Usuários 1-6,text,true,,786,130,10,10,http://projetosoap.herokuapp.com/,3747,0,0
1602527000855,3783,Requisição HTTP,200,OK,Grupo de Usuários 1-7,text,true,,786,130,10,10,http://projetosoap.herokuapp.com/,3783,0,0
1602527000856,3785,Requisição HTTP,200,OK,Grupo de Usuários 1-3,text,true,,786,130,10,10,http://projetosoap.herokuapp.com/,3785,0,0
1602527000857,3784,Requisição HTTP,200,OK,Grupo de Usuários 1-2,text,true,,786,130,10,10,http://projetosoap.herokuapp.com/,3784,0,0
1602527000857,3785,Requisição HTTP,200,OK,Grupo de Usuários 1-1,text,true,,786,130,10,10,http://projetosoap.herokuapp.com/,3785,0,0
1602527000857,3785,Requisição HTTP,200,OK,Grupo de Usuários 1-4,text,true,,786,130,10,10,http://projetosoap.herokuapp.com/,3785,0,0
1602527000860,3783,Requisição HTTP,200,OK,Grupo de Usuários 1-10,text,true,,786,130,10,10,http://projetosoap.herokuapp.com/,3783,0,0
1602527000859,3787,Requisição HTTP,200,OK,Grupo de Usuários 1-5,text,true,,786,130,10,10,http://projetosoap.herokuapp.com/,3787,0,0
1602527000856,3791,Requisição HTTP,200,OK,Grupo de Usuários 1-8,text,true,,786,130,10,10,http://projetosoap.herokuapp.com/,3791,0,0
1602527000862,3786,Requisição HTTP,200,OK,Grupo de Usuários 1-9,text,true,,786,130,10,10,http://projetosoap.herokuapp.com/,3786,0,0
1602527000863,3785,Requisição HTTP,200,OK,Grupo de Usuários 1-6,text,true,,786,130,10,10,http://projetosoap.herokuapp.com/,3785,0,0
1602527004638,3493,Requisição HTTP,200,OK,Grupo de Usuários 1-7,text,true,,786,130,10,10,http://projetosoap.herokuapp.com/,3493,0,0
1602527004643,3489,Requisição HTTP,200,OK,Grupo de Usuários 1-10,text,true,,786,130,10,10,http://projetosoap.herokuapp.com/,3489,0,0
1602527004642,3490,Requisição HTTP,200,OK,Grupo de Usuários 1-1,text,true,,786,130,10,10,http://projetosoap.herokuapp.com/,3490,0,0
1602527004641,3491,Requisição HTTP,200,OK,Grupo de Usuários 1-3,text,true,,786,130,10,10,http://projetosoap.herokuapp.com/,3491,0,0
1602527004642,3491,Requisição HTTP,200,OK,Grupo de Usuários 1-4,text,true,,786,130,10,10,http://projetosoap.herokuapp.com/,3491,0,0
1602527004647,3486,Requisição HTTP,200,OK,Grupo de Usuários 1-5,text,true,,786,130,10,10,http://projetosoap.herokuapp.com/,3486,0,0
1602527004641,3495,Requisição HTTP,200,OK,Grupo de Usuários 1-2,text,true,,786,130,10,10,http://projetosoap.herokuapp.com/,3495,0,0
1602527004647,3489,Requisição HTTP,200,OK,Grupo de Usuários 1-8,text,true,,786,130,10,10,http://projetosoap.herokuapp.com/,3489,0,0
1602527004648,3491,Requisição HTTP,200,OK,Grupo de Usuários 1-9,text,true,,786,130,10,10,http://projetosoap.herokuapp.com/,3491,0,0
1602527004649,3491,Requisição HTTP,200,OK,Grupo de Usuários 1-6,text,true,,786,130,10,10,http://projetosoap.herokuapp.com/,3491,0,0
1602527008133,3344,Requisição HTTP,200,OK,Grupo de Usuários 1-10,text,true,,786,130,10,10,http://projetosoap.herokuapp.com/,3344,0,0
1602527008132,3346,Requisição HTTP,200,OK,Grupo de Usuários 1-7,text,true,,786,130,10,10,http://projetosoap.herokuapp.com/,3346,0,0
1602527008133,3346,Requisição HTTP,200,OK,Grupo de Usuários 1-3,text,true,,786,130,10,10,http://projetosoap.herokuapp.com/,3346,0,0
1602527008133,3346,Requisição HTTP,200,OK,Grupo de Usuários 1-1,text,true,,786,130,10,10,http://projetosoap.herokuapp.com/,3346,0,0
1602527008134,3346,Requisição HTTP,200,OK,Grupo de Usuários 1-4,text,true,,786,130,10,10,http://projetosoap.herokuapp.com/,3346,0,0
1602527008137,3343,Requisição HTTP,200,OK,Grupo de Usuários 1-8,text,true,,786,130,10,10,http://projetosoap.herokuapp.com/,3343,0,0
1602527008137,3343,Requisição HTTP,200,OK,Grupo de Usuários 1-2,text,true,,786,130,10,10,http://projetosoap.herokuapp.com/,3343,0,0
1602527008134,3347,Requisição HTTP,200,OK,Grupo de Usuários 1-5,text,true,,786,130,10,10,http://projetosoap.herokuapp.com/,3347,0,0
1602527008140,3345,Requisição HTTP,200,OK,Grupo de Usuários 1-9,text,true,,786,130,10,10,http://projetosoap.herokuapp.com/,3345,0,0
1602527008141,3347,Requisição HTTP,200,OK,Grupo de Usuários 1-6,text,true,,786,130,10,10,http://projetosoap.herokuapp.com/,3347,0,0
1602527011477,3860,Requisição HTTP,200,OK,Grupo de Usuários 1-10,text,true,,786,130,10,10,http://projetosoap.herokuapp.com/,3860,0,0
1602527011479,3859,Requisição HTTP,200,OK,Grupo de Usuários 1-3,text,true,,786,130,10,10,http://projetosoap.herokuapp.com/,3859,0,0
1602527011479,3860,Requisição HTTP,200,OK,Grupo de Usuários 1-7,text,true,,786,130,10,10,http://projetosoap.herokuapp.com/,3860,0,0
1602527011480,3859,Requisição HTTP,200,OK,Grupo de Usuários 1-2,text,true,,786,130,10,10,http://projetosoap.herokuapp.com/,3859,0,0
1602527011480,3860,Requisição HTTP,200,OK,Grupo de Usuários 1-4,text,true,,786,130,10,10,http://projetosoap.herokuapp.com/,3860,0,0
1602527011479,3861,Requisição HTTP,200,OK,Grupo de Usuários 1-1,text,true,,786,130,10,10,http://projetosoap.herokuapp.com/,3861,0,0
1602527011480,3860,Requisição HTTP,200,OK,Grupo de Usuários 1-8,text,true,,786,130,10,10,http://projetosoap.herokuapp.com/,3860,0,0
1602527011481,3860,Requisição HTTP,200,OK,Grupo de Usuários 1-5,text,true,,786,130,10,10,http://projetosoap.herokuapp.com/,3860,0,0
1602527011488,3858,Requisição HTTP,200,OK,Grupo de Usuários 1-6,text,true,,786,130,10,10,http://projetosoap.herokuapp.com/,3858,0,0
1602527011485,3861,Requisição HTTP,200,OK,Grupo de Usuários 1-9,text,true,,786,130,10,10,http://projetosoap.herokuapp.com/,3861,0,0
1602527015337,4225,Requisição HTTP,200,OK,Grupo de Usuários 1-10,text,true,,786,130,10,10,http://projetosoap.herokuapp.com/,4225,0,0
1602527015339,4224,Requisição HTTP,200,OK,Grupo de Usuários 1-7,text,true,,786,130,10,10,http://projetosoap.herokuapp.com/,4224,0,0
1602527015341,4224,Requisição HTTP,200,OK,Grupo de Usuários 1-5,text,true,,786,130,10,10,http://projetosoap.herokuapp.com/,4224,0,0
1602527015340,4225,Requisição HTTP,200,OK,Grupo de Usuários 1-4,text,true,,786,130,10,10,http://projetosoap.herokuapp.com/,4225,0,0
1602527015338,4227,Requisição HTTP,200,OK,Grupo de Usuários 1-3,text,true,,786,130,10,10,http://projetosoap.herokuapp.com/,4227,0,0
1602527015340,4226,Requisição HTTP,200,OK,Grupo de Usuários 1-1,text,true,,786,130,10,10,http://projetosoap.herokuapp.com/,4226,0,0
1602527015340,4226,Requisição HTTP,200,OK,Grupo de Usuários 1-8,text,true,,786,130,10,10,http://projetosoap.herokuapp.com/,4226,0,0
1602527015346,4225,Requisição HTTP,200,OK,Grupo de Usuários 1-6,text,true,,786,130,10,10,http://projetosoap.herokuapp.com/,4225,0,0
1602527015339,4233,Requisição HTTP,200,OK,Grupo de Usuários 1-2,text,true,,786,130,10,10,http://projetosoap.herokuapp.com/,4233,0,0
1602527015346,4226,Requisição HTTP,200,OK,Grupo de Usuários 1-9,text,true,,786,130,10,10,http://projetosoap.herokuapp.com/,4226,0,0
1602527019567,3440,Requisição HTTP,200,OK,Grupo de Usuários 1-8,text,true,,786,130,10,10,http://projetosoap.herokuapp.com/,3440,0,0
1602527019566,3442,Requisição HTTP,200,OK,Grupo de Usuários 1-3,text,true,,786,130,10,10,http://projetosoap.herokuapp.com/,3442,0,0
1602527019562,3447,Requisição HTTP,200,OK,Grupo de Usuários 1-10,text,true,,786,130,10,10,http://projetosoap.herokuapp.com/,3447,0,0
1602527019566,3443,Requisição HTTP,200,OK,Grupo de Usuários 1-1,text,true,,786,130,10,10,http://projetosoap.herokuapp.com/,3443,0,0
1602527019564,3446,Requisição HTTP,200,OK,Grupo de Usuários 1-7,text,true,,786,130,10,10,http://projetosoap.herokuapp.com/,3446,0,0
1602527019572,3438,Requisição HTTP,200,OK,Grupo de Usuários 1-2,text,true,,786,130,10,10,http://projetosoap.herokuapp.com/,3438,0,0
1602527019566,3444,Requisição HTTP,200,OK,Grupo de Usuários 1-4,text,true,,786,130,10,10,http://projetosoap.herokuapp.com/,3444,0,0
1602527019565,3447,Requisição HTTP,200,OK,Grupo de Usuários 1-5,text,true,,786,130,10,10,http://projetosoap.herokuapp.com/,3447,0,0
1602527019571,3443,Requisição HTTP,200,OK,Grupo de Usuários 1-6,text,true,,786,130,10,10,http://projetosoap.herokuapp.com/,3443,0,0
1602527019572,3442,Requisição HTTP,200,OK,Grupo de Usuários 1-9,text,true,,786,130,10,10,http://projetosoap.herokuapp.com/,3442,0,0
1602527023007,3437,Requisição HTTP,200,OK,Grupo de Usuários 1-3,text,true,,786,130,10,10,http://projetosoap.herokuapp.com/,3437,0,0
1602527023009,3435,Requisição HTTP,200,OK,Grupo de Usuários 1-7,text,true,,786,130,10,10,http://projetosoap.herokuapp.com/,3435,0,0
1602527023008,3437,Requisição HTTP,200,OK,Grupo de Usuários 1-10,text,true,,786,130,10,10,http://projetosoap.herokuapp.com/,3437,0,0
1602527023008,3437,Requisição HTTP,200,OK,Grupo de Usuários 1-1,text,true,,786,130,7,7,http://projetosoap.herokuapp.com/,3437,0,0
1602527023009,3437,Requisição HTTP,200,OK,Grupo de Usuários 1-4,text,true,,786,130,7,7,http://projetosoap.herokuapp.com/,3437,0,0
1602527023009,3437,Requisição HTTP,200,OK,Grupo de Usuários 1-2,text,true,,786,130,5,5,http://projetosoap.herokuapp.com/,3437,0,0
1602527023011,3435,Requisição HTTP,200,OK,Grupo de Usuários 1-5,text,true,,786,130,5,5,http://projetosoap.herokuapp.com/,3435,0,0
1602527023006,3441,Requisição HTTP,200,OK,Grupo de Usuários 1-8,text,true,,786,130,3,3,http://projetosoap.herokuapp.com/,3441,0,0
1602527023013,3437,Requisição HTTP,200,OK,Grupo de Usuários 1-9,text,true,,786,130,2,2,http://projetosoap.herokuapp.com/,3437,0,0
1602527023013,3438,Requisição HTTP,200,OK,Grupo de Usuários 1-6,text,true,,786,130,2,2,http://projetosoap.herokuapp.com/,3438,0,0
1602527061488,2442,Requisição HTTP,200,OK,Grupo de Usuários 1-1,text,true,,786,130,10,10,http://projetosoap.herokuapp.com/,2442,0,195
1602527061586,4285,Requisição HTTP,200,OK,Grupo de Usuários 1-2,text,true,,786,130,10,10,http://projetosoap.herokuapp.com/,4285,0,159
1602527061689,4184,Requisição HTTP,200,OK,Grupo de Usuários 1-3,text,true,,786,130,10,10,http://projetosoap.herokuapp.com/,4184,0,161
1602527061789,4084,Requisição HTTP,200,OK,Grupo de Usuários 1-4,text,true,,786,130,10,10,http://projetosoap.herokuapp.com/,4084,0,162
1602527062385,3878,Requisição HTTP,200,OK,Grupo de Usuários 1-10,text,true,,786,130,10,10,http://projetosoap.herokuapp.com/,3878,0,159
1602527061988,4276,Requisição HTTP,200,OK,Grupo de Usuários 1-6,text,true,,786,130,10,10,http://projetosoap.herokuapp.com/,4276,0,162
1602527062088,4178,Requisição HTTP,200,OK,Grupo de Usuários 1-7,text,true,,786,130,10,10,http://projetosoap.herokuapp.com/,4178,0,161
1602527061889,4377,Requisição HTTP,200,OK,Grupo de Usuários 1-5,text,true,,786,130,10,10,http://projetosoap.herokuapp.com/,4377,0,162
1602527062187,4080,Requisição HTTP,200,OK,Grupo de Usuários 1-8,text,true,,786,130,10,10,http://projetosoap.herokuapp.com/,4080,0,160
1602527062286,3984,Requisição HTTP,200,OK,Grupo de Usuários 1-9,text,true,,786,130,10,10,http://projetosoap.herokuapp.com/,3984,0,169
1602527063930,3433,Requisição HTTP,200,OK,Grupo de Usuários 1-1,text,true,,786,130,10,10,http://projetosoap.herokuapp.com/,3433,0,0
1602527065872,3557,Requisição HTTP,200,OK,Grupo de Usuários 1-2,text,true,,786,130,10,10,http://projetosoap.herokuapp.com/,3557,0,0
1602527065874,3558,Requisição HTTP,200,OK,Grupo de Usuários 1-4,text,true,,786,130,10,10,http://projetosoap.herokuapp.com/,3558,0,0
1602527065873,3561,Requisição HTTP,200,OK,Grupo de Usuários 1-3,text,true,,786,130,10,10,http://projetosoap.herokuapp.com/,3561,0,0
1602527066263,3492,Requisição HTTP,200,OK,Grupo de Usuários 1-10,text,true,,786,130,10,10,http://projetosoap.herokuapp.com/,3492,0,0
1602527066267,3489,Requisição HTTP,200,OK,Grupo de Usuários 1-8,text,true,,786,130,10,10,http://projetosoap.herokuapp.com/,3489,0,0
1602527066265,3491,Requisição HTTP,200,OK,Grupo de Usuários 1-6,text,true,,786,130,10,10,http://projetosoap.herokuapp.com/,3491,0,0
1602527066266,3493,Requisição HTTP,200,OK,Grupo de Usuários 1-5,text,true,,786,130,10,10,http://projetosoap.herokuapp.com/,3493,0,0
1602527066266,3494,Requisição HTTP,200,OK,Grupo de Usuários 1-7,text,true,,786,130,10,10,http://projetosoap.herokuapp.com/,3494,0,0
1602527066270,3492,Requisição HTTP,200,OK,Grupo de Usuários 1-9,text,true,,786,130,10,10,http://projetosoap.herokuapp.com/,3492,0,0
1602527067363,3447,Requisição HTTP,200,OK,Grupo de Usuários 1-1,text,true,,786,130,10,10,http://projetosoap.herokuapp.com/,3447,0,0
1602527069430,3899,Requisição HTTP,200,OK,Grupo de Usuários 1-2,text,true,,786,130,10,10,http://projetosoap.herokuapp.com/,3899,0,0
1602527069432,3899,Requisição HTTP,200,OK,Grupo de Usuários 1-4,text,true,,786,130,10,10,http://projetosoap.herokuapp.com/,3899,0,0
1602527069755,4019,Requisição HTTP,200,OK,Grupo de Usuários 1-10,text,true,,786,130,10,10,http://projetosoap.herokuapp.com/,4019,0,0
1602527069756,4020,Requisição HTTP,200,OK,Grupo de Usuários 1-8,text,true,,786,130,10,10,http://projetosoap.herokuapp.com/,4020,0,0
1602527069756,4021,Requisição HTTP,200,OK,Grupo de Usuários 1-6,text,true,,786,130,10,10,http://projetosoap.herokuapp.com/,4021,0,0
1602527069434,4344,Requisição HTTP,200,OK,Grupo de Usuários 1-3,text,true,,786,130,10,10,http://projetosoap.herokuapp.com/,4344,0,0
1602527069760,4018,Requisição HTTP,200,OK,Grupo de Usuários 1-7,text,true,,786,130,10,10,http://projetosoap.herokuapp.com/,4018,0,0
1602527069762,4021,Requisição HTTP,200,OK,Grupo de Usuários 1-9,text,true,,786,130,10,10,http://projetosoap.herokuapp.com/,4021,0,0
1602527069760,4024,Requisição HTTP,200,OK,Grupo de Usuários 1-5,text,true,,786,130,10,10,http://projetosoap.herokuapp.com/,4024,0,0
1602527070810,3763,Requisição HTTP,200,OK,Grupo de Usuários 1-1,text,true,,786,130,10,10,http://projetosoap.herokuapp.com/,3763,0,0
1602527073329,3623,Requisição HTTP,200,OK,Grupo de Usuários 1-2,text,true,,786,130,10,10,http://projetosoap.herokuapp.com/,3623,0,0
1602527073331,3623,Requisição HTTP,200,OK,Grupo de Usuários 1-4,text,true,,786,130,10,10,http://projetosoap.herokuapp.com/,3623,0,0
1602527073776,3512,Requisição HTTP,200,OK,Grupo de Usuários 1-8,text,true,,786,130,10,10,http://projetosoap.herokuapp.com/,3512,0,0
1602527073775,3513,Requisição HTTP,200,OK,Grupo de Usuários 1-10,text,true,,786,130,10,10,http://projetosoap.herokuapp.com/,3513,0,0
1602527073777,3513,Requisição HTTP,200,OK,Grupo de Usuários 1-6,text,true,,786,130,10,10,http://projetosoap.herokuapp.com/,3513,0,0
1602527073778,3512,Requisição HTTP,200,OK,Grupo de Usuários 1-3,text,true,,786,130,10,10,http://projetosoap.herokuapp.com/,3512,0,0
1602527073778,3513,Requisição HTTP,200,OK,Grupo de Usuários 1-7,text,true,,786,130,10,10,http://projetosoap.herokuapp.com/,3513,0,0
1602527073783,3513,Requisição HTTP,200,OK,Grupo de Usuários 1-9,text,true,,786,130,10,10,http://projetosoap.herokuapp.com/,3513,0,0
1602527073784,3512,Requisição HTTP,200,OK,Grupo de Usuários 1-5,text,true,,786,130,10,10,http://projetosoap.herokuapp.com/,3512,0,0
1602527074573,3343,Requisição HTTP,200,OK,Grupo de Usuários 1-1,text,true,,786,130,10,10,http://projetosoap.herokuapp.com/,3343,0,0
1602527076953,3156,Requisição HTTP,200,OK,Grupo de Usuários 1-2,text,true,,786,130,10,10,http://projetosoap.herokuapp.com/,3156,0,0
1602527076955,3156,Requisição HTTP,200,OK,Grupo de Usuários 1-4,text,true,,786,130,10,10,http://projetosoap.herokuapp.com/,3156,0,0
1602527077288,3142,Requisição HTTP,200,OK,Grupo de Usuários 1-10,text,true,,786,130,10,10,http://projetosoap.herokuapp.com/,3142,0,0
1602527077288,3143,Requisição HTTP,200,OK,Grupo de Usuários 1-8,text,true,,786,130,10,10,http://projetosoap.herokuapp.com/,3142,0,0
1602527077290,3141,Requisição HTTP,200,OK,Grupo de Usuários 1-6,text,true,,786,130,10,10,http://projetosoap.herokuapp.com/,3141,0,0
1602527077291,3141,Requisição HTTP,200,OK,Grupo de Usuários 1-7,text,true,,786,130,10,10,http://projetosoap.herokuapp.com/,3141,0,0
1602527077291,3141,Requisição HTTP,200,OK,Grupo de Usuários 1-3,text,true,,786,130,10,10,http://projetosoap.herokuapp.com/,3141,0,0
1602527077297,3139,Requisição HTTP,200,OK,Grupo de Usuários 1-5,text,true,,786,130,10,10,http://projetosoap.herokuapp.com/,3139,0,0
1602527077297,3140,Requisição HTTP,200,OK,Grupo de Usuários 1-9,text,true,,786,130,10,10,http://projetosoap.herokuapp.com/,3140,0,0
1602527077917,3150,Requisição HTTP,200,OK,Grupo de Usuários 1-1,text,true,,786,130,10,10,http://projetosoap.herokuapp.com/,3150,0,0
1602527080109,3144,Requisição HTTP,200,OK,Grupo de Usuários 1-2,text,true,,786,130,10,10,http://projetosoap.herokuapp.com/,3144,0,0
1602527080111,3142,Requisição HTTP,200,OK,Grupo de Usuários 1-4,text,true,,786,130,10,10,http://projetosoap.herokuapp.com/,3142,0,0
1602527080430,3161,Requisição HTTP,200,OK,Grupo de Usuários 1-10,text,true,,786,130,10,10,http://projetosoap.herokuapp.com/,3161,0,0
1602527080431,3161,Requisição HTTP,200,OK,Grupo de Usuários 1-8,text,true,,786,130,10,10,http://projetosoap.herokuapp.com/,3161,0,0
1602527080432,3162,Requisição HTTP,200,OK,Grupo de Usuários 1-6,text,true,,786,130,10,10,http://projetosoap.herokuapp.com/,3162,0,0
1602527080436,3158,Requisição HTTP,200,OK,Grupo de Usuários 1-5,text,true,,786,130,10,10,http://projetosoap.herokuapp.com/,3158,0,0
1602527080433,3161,Requisição HTTP,200,OK,Grupo de Usuários 1-3,text,true,,786,130,10,10,http://projetosoap.herokuapp.com/,3161,0,0
1602527080433,3161,Requisição HTTP,200,OK,Grupo de Usuários 1-7,text,true,,786,130,10,10,http://projetosoap.herokuapp.com/,3161,0,0
1602527080437,3163,Requisição HTTP,200,OK,Grupo de Usuários 1-9,text,true,,786,130,10,10,http://projetosoap.herokuapp.com/,3163,0,0
1602527081067,3152,Requisição HTTP,200,OK,Grupo de Usuários 1-1,text,true,,786,130,10,10,http://projetosoap.herokuapp.com/,3152,0,0
1602527083253,3256,Requisição HTTP,200,OK,Grupo de Usuários 1-2,text,true,,786,130,10,10,http://projetosoap.herokuapp.com/,3256,0,0
1602527083253,3257,Requisição HTTP,200,OK,Grupo de Usuários 1-4,text,true,,786,130,10,10,http://projetosoap.herokuapp.com/,3257,0,0
1602527083592,3233,Requisição HTTP,200,OK,Grupo de Usuários 1-8,text,true,,786,130,10,10,http://projetosoap.herokuapp.com/,3233,0,0
1602527083594,3232,Requisição HTTP,200,OK,Grupo de Usuários 1-6,text,true,,786,130,10,10,http://projetosoap.herokuapp.com/,3232,0,0
1602527083594,3232,Requisição HTTP,200,OK,Grupo de Usuários 1-7,text,true,,786,130,10,10,http://projetosoap.herokuapp.com/,3232,0,0
1602527083594,3232,Requisição HTTP,200,OK,Grupo de Usuários 1-3,text,true,,786,130,10,10,http://projetosoap.herokuapp.com/,3232,0,0
1602527083594,3234,Requisição HTTP,200,OK,Grupo de Usuários 1-5,text,true,,786,130,10,10,http://projetosoap.herokuapp.com/,3234,0,0
1602527083591,3238,Requisição HTTP,200,OK,Grupo de Usuários 1-10,text,true,,786,130,10,10,http://projetosoap.herokuapp.com/,3238,0,0
1602527083600,3232,Requisição HTTP,200,OK,Grupo de Usuários 1-9,text,true,,786,130,10,10,http://projetosoap.herokuapp.com/,3232,0,0
1602527084219,3237,Requisição HTTP,200,OK,Grupo de Usuários 1-1,text,true,,786,130,10,10,http://projetosoap.herokuapp.com/,3236,0,0
1602527086509,3165,Requisição HTTP,200,OK,Grupo de Usuários 1-2,text,true,,786,130,10,10,http://projetosoap.herokuapp.com/,3165,0,0
1602527086510,3168,Requisição HTTP,200,OK,Grupo de Usuários 1-4,text,true,,786,130,10,10,http://projetosoap.herokuapp.com/,3168,0,0
1602527086825,3161,Requisição HTTP,200,OK,Grupo de Usuários 1-8,text,true,,786,130,10,10,http://projetosoap.herokuapp.com/,3161,0,0
1602527086827,3160,Requisição HTTP,200,OK,Grupo de Usuários 1-6,text,true,,786,130,10,10,http://projetosoap.herokuapp.com/,3160,0,0
1602527086827,3161,Requisição HTTP,200,OK,Grupo de Usuários 1-7,text,true,,786,130,10,10,http://projetosoap.herokuapp.com/,3161,0,0
1602527086827,3161,Requisição HTTP,200,OK,Grupo de Usuários 1-3,text,true,,786,130,10,10,http://projetosoap.herokuapp.com/,3161,0,0
1602527086830,3158,Requisição HTTP,200,OK,Grupo de Usuários 1-10,text,true,,786,130,10,10,http://projetosoap.herokuapp.com/,3158,0,0
1602527086829,3162,Requisição HTTP,200,OK,Grupo de Usuários 1-5,text,true,,786,130,10,10,http://projetosoap.herokuapp.com/,3162,0,0
1602527086832,3164,Requisição HTTP,200,OK,Grupo de Usuários 1-9,text,true,,786,130,10,10,http://projetosoap.herokuapp.com/,3164,0,0
1602527087456,3162,Requisição HTTP,200,OK,Grupo de Usuários 1-1,text,true,,786,130,10,10,http://projetosoap.herokuapp.com/,3162,0,0
1602527089674,3152,Requisição HTTP,200,OK,Grupo de Usuários 1-2,text,true,,786,130,10,10,http://projetosoap.herokuapp.com/,3152,0,0
1602527089679,3150,Requisição HTTP,200,OK,Grupo de Usuários 1-4,text,true,,786,130,10,10,http://projetosoap.herokuapp.com/,3150,0,0
1602527089988,3211,Requisição HTTP,200,OK,Grupo de Usuários 1-10,text,true,,786,130,10,10,http://projetosoap.herokuapp.com/,3211,0,0
1602527089986,3214,Requisição HTTP,200,OK,Grupo de Usuários 1-8,text,true,,786,130,10,10,http://projetosoap.herokuapp.com/,3214,0,0
1602527089988,3214,Requisição HTTP,200,OK,Grupo de Usuários 1-6,text,true,,786,130,10,10,http://projetosoap.herokuapp.com/,3213,0,0
1602527089988,3214,Requisição HTTP,200,OK,Grupo de Usuários 1-3,text,true,,786,130,10,10,http://projetosoap.herokuapp.com/,3214,0,0
1602527089988,3214,Requisição HTTP,200,OK,Grupo de Usuários 1-7,text,true,,786,130,10,10,http://projetosoap.herokuapp.com/,3214,0,0
1602527089991,3212,Requisição HTTP,200,OK,Grupo de Usuários 1-5,text,true,,786,130,10,10,http://projetosoap.herokuapp.com/,3212,0,0
1602527089996,3212,Requisição HTTP,200,OK,Grupo de Usuários 1-9,text,true,,786,130,10,10,http://projetosoap.herokuapp.com/,3212,0,0
1602527090618,3319,Requisição HTTP,200,OK,Grupo de Usuários 1-1,text,true,,786,130,10,10,http://projetosoap.herokuapp.com/,3319,0,0
1602527092827,3623,Requisição HTTP,200,OK,Grupo de Usuários 1-2,text,true,,786,130,10,10,http://projetosoap.herokuapp.com/,3623,0,0
1602527092830,3622,Requisição HTTP,200,OK,Grupo de Usuários 1-4,text,true,,786,130,10,10,http://projetosoap.herokuapp.com/,3622,0,0
1602527093199,3588,Requisição HTTP,200,OK,Grupo de Usuários 1-10,text,true,,786,130,10,10,http://projetosoap.herokuapp.com/,3588,0,0
1602527093202,3588,Requisição HTTP,200,OK,Grupo de Usuários 1-3,text,true,,786,130,10,10,http://projetosoap.herokuapp.com/,3588,0,0
1602527093202,3588,Requisição HTTP,200,OK,Grupo de Usuários 1-7,text,true,,786,130,10,10,http://projetosoap.herokuapp.com/,3588,0,0
1602527093202,3588,Requisição HTTP,200,OK,Grupo de Usuários 1-6,text,true,,786,130,10,10,http://projetosoap.herokuapp.com/,3588,0,0
1602527093203,3588,Requisição HTTP,200,OK,Grupo de Usuários 1-5,text,true,,786,130,10,10,http://projetosoap.herokuapp.com/,3588,0,0
1602527093200,3593,Requisição HTTP,200,OK,Grupo de Usuários 1-8,text,true,,786,130,10,10,http://projetosoap.herokuapp.com/,3593,0,0
1602527093208,3588,Requisição HTTP,200,OK,Grupo de Usuários 1-9,text,true,,786,130,10,10,http://projetosoap.herokuapp.com/,3588,0,0
1602527093937,3495,Requisição HTTP,200,OK,Grupo de Usuários 1-1,text,true,,786,130,10,10,http://projetosoap.herokuapp.com/,3495,0,0
1602527096450,3209,Requisição HTTP,200,OK,Grupo de Usuários 1-2,text,true,,786,130,10,10,http://projetosoap.herokuapp.com/,3209,0,0
1602527096452,3211,Requisição HTTP,200,OK,Grupo de Usuários 1-4,text,true,,786,130,10,10,http://projetosoap.herokuapp.com/,3211,0,0
1602527096787,3189,Requisição HTTP,200,OK,Grupo de Usuários 1-10,text,true,,786,130,10,10,http://projetosoap.herokuapp.com/,3189,0,0
1602527096790,3189,Requisição HTTP,200,OK,Grupo de Usuários 1-7,text,true,,786,130,10,10,http://projetosoap.herokuapp.com/,3189,0,0
1602527096790,3189,Requisição HTTP,200,OK,Grupo de Usuários 1-6,text,true,,786,130,10,10,http://projetosoap.herokuapp.com/,3189,0,0
1602527096793,3189,Requisição HTTP,200,OK,Grupo de Usuários 1-8,text,true,,786,130,10,10,http://projetosoap.herokuapp.com/,3189,0,0
1602527096790,3192,Requisição HTTP,200,OK,Grupo de Usuários 1-3,text,true,,786,130,10,10,http://projetosoap.herokuapp.com/,3192,0,0
1602527096791,3191,Requisição HTTP,200,OK,Grupo de Usuários 1-5,text,true,,786,130,10,10,http://projetosoap.herokuapp.com/,3191,0,0
1602527096796,3189,Requisição HTTP,200,OK,Grupo de Usuários 1-9,text,true,,786,130,10,10,http://projetosoap.herokuapp.com/,3189,0,0
1602527097433,3236,Requisição HTTP,200,OK,Grupo de Usuários 1-1,text,true,,786,130,10,10,http://projetosoap.herokuapp.com/,3236,0,0
1602527099660,3290,Requisição HTTP,200,OK,Grupo de Usuários 1-2,text,true,,786,130,10,10,http://projetosoap.herokuapp.com/,3290,0,0
1602527099663,3290,Requisição HTTP,200,OK,Grupo de Usuários 1-4,text,true,,786,130,10,10,http://projetosoap.herokuapp.com/,3290,0,0
1602527099979,3310,Requisição HTTP,200,OK,Grupo de Usuários 1-7,text,true,,786,130,10,10,http://projetosoap.herokuapp.com/,3310,0,0
1602527099982,3308,Requisição HTTP,200,OK,Grupo de Usuários 1-5,text,true,,786,130,10,10,http://projetosoap.herokuapp.com/,3308,0,0
1602527099977,3313,Requisição HTTP,200,OK,Grupo de Usuários 1-10,text,true,,786,130,10,10,http://projetosoap.herokuapp.com/,3313,0,0
1602527099982,3309,Requisição HTTP,200,OK,Grupo de Usuários 1-8,text,true,,786,130,10,10,http://projetosoap.herokuapp.com/,3309,0,0
1602527099979,3313,Requisição HTTP,200,OK,Grupo de Usuários 1-6,text,true,,786,130,10,10,http://projetosoap.herokuapp.com/,3313,0,0
1602527099985,3313,Requisição HTTP,200,OK,Grupo de Usuários 1-9,text,true,,786,130,10,10,http://projetosoap.herokuapp.com/,3313,0,0
1602527099982,3318,Requisição HTTP,200,OK,Grupo de Usuários 1-3,text,true,,786,130,10,10,http://projetosoap.herokuapp.com/,3318,0,0
1602527100670,3289,Requisição HTTP,200,OK,Grupo de Usuários 1-1,text,true,,786,130,10,10,http://projetosoap.herokuapp.com/,3289,0,0
1602527102951,3603,Requisição HTTP,200,OK,Grupo de Usuários 1-2,text,true,,786,130,10,10,http://projetosoap.herokuapp.com/,3603,0,0
1602527102953,3603,Requisição HTTP,200,OK,Grupo de Usuários 1-4,text,true,,786,130,10,10,http://projetosoap.herokuapp.com/,3603,0,0
1602527103290,3635,Requisição HTTP,200,OK,Grupo de Usuários 1-10,text,true,,786,130,10,10,http://projetosoap.herokuapp.com/,3635,0,0
1602527103289,3638,Requisição HTTP,200,OK,Grupo de Usuários 1-7,text,true,,786,130,10,10,http://projetosoap.herokuapp.com/,3638,0,0
1602527103290,3638,Requisição HTTP,200,OK,Grupo de Usuários 1-5,text,true,,786,130,10,10,http://projetosoap.herokuapp.com/,3638,0,0
1602527103292,3637,Requisição HTTP,200,OK,Grupo de Usuários 1-6,text,true,,786,130,10,10,http://projetosoap.herokuapp.com/,3637,0,0
1602527103291,3638,Requisição HTTP,200,OK,Grupo de Usuários 1-8,text,true,,786,130,10,10,http://projetosoap.herokuapp.com/,3638,0,0
1602527103300,3632,Requisição HTTP,200,OK,Grupo de Usuários 1-3,text,true,,786,130,10,10,http://projetosoap.herokuapp.com/,3632,0,0
1602527103298,3636,Requisição HTTP,200,OK,Grupo de Usuários 1-9,text,true,,786,130,10,10,http://projetosoap.herokuapp.com/,3636,0,0
1602527103959,3786,Requisição HTTP,200,OK,Grupo de Usuários 1-1,text,true,,786,130,10,10,http://projetosoap.herokuapp.com/,3786,0,0
1602527106554,3491,Requisição HTTP,200,OK,Grupo de Usuários 1-2,text,true,,786,130,10,10,http://projetosoap.herokuapp.com/,3491,0,0
1602527106556,3490,Requisição HTTP,200,OK,Grupo de Usuários 1-4,text,true,,786,130,10,10,http://projetosoap.herokuapp.com/,3490,0,0
1602527106925,3433,Requisição HTTP,200,OK,Grupo de Usuários 1-10,text,true,,786,130,10,10,http://projetosoap.herokuapp.com/,3433,0,0
1602527106929,3431,Requisição HTTP,200,OK,Grupo de Usuários 1-8,text,true,,786,130,10,10,http://projetosoap.herokuapp.com/,3431,0,0
1602527106928,3434,Requisição HTTP,200,OK,Grupo de Usuários 1-5,text,true,,786,130,10,10,http://projetosoap.herokuapp.com/,3434,0,0
1602527106928,3434,Requisição HTTP,200,OK,Grupo de Usuários 1-7,text,true,,786,130,10,10,http://projetosoap.herokuapp.com/,3434,0,0
1602527106929,3434,Requisição HTTP,200,OK,Grupo de Usuários 1-6,text,true,,786,130,10,10,http://projetosoap.herokuapp.com/,3434,0,0
1602527106932,3431,Requisição HTTP,200,OK,Grupo de Usuários 1-3,text,true,,786,130,10,10,http://projetosoap.herokuapp.com/,3431,0,0
1602527106934,3433,Requisição HTTP,200,OK,Grupo de Usuários 1-9,text,true,,786,130,10,10,http://projetosoap.herokuapp.com/,3433,0,0
1602527107745,3248,Requisição HTTP,200,OK,Grupo de Usuários 1-1,text,true,,786,130,10,10,http://projetosoap.herokuapp.com/,3248,0,0
1602527110046,3401,Requisição HTTP,200,OK,Grupo de Usuários 1-4,text,true,,786,130,10,10,http://projetosoap.herokuapp.com/,3401,0,0
1602527110045,3404,Requisição HTTP,200,OK,Grupo de Usuários 1-2,text,true,,786,130,10,10,http://projetosoap.herokuapp.com/,3404,0,0
1602527110360,3493,Requisição HTTP,200,OK,Grupo de Usuários 1-8,text,true,,786,130,10,10,http://projetosoap.herokuapp.com/,3493,0,0
1602527110359,3496,Requisição HTTP,200,OK,Grupo de Usuários 1-10,text,true,,786,130,10,10,http://projetosoap.herokuapp.com/,3496,0,0
1602527110364,3492,Requisição HTTP,200,OK,Grupo de Usuários 1-6,text,true,,786,130,10,10,http://projetosoap.herokuapp.com/,3492,0,0
1602527110364,3492,Requisição HTTP,200,OK,Grupo de Usuários 1-3,text,true,,786,130,10,10,http://projetosoap.herokuapp.com/,3492,0,0
1602527110362,3494,Requisição HTTP,200,OK,Grupo de Usuários 1-7,text,true,,786,130,10,10,http://projetosoap.herokuapp.com/,3494,0,0
1602527110362,3497,Requisição HTTP,200,OK,Grupo de Usuários 1-5,text,true,,786,130,10,10,http://projetosoap.herokuapp.com/,3497,0,0
1602527110367,3494,Requisição HTTP,200,OK,Grupo de Usuários 1-9,text,true,,786,130,10,10,http://projetosoap.herokuapp.com/,3494,0,0
1602527110994,3513,Requisição HTTP,200,OK,Grupo de Usuários 1-1,text,true,,786,130,10,10,http://projetosoap.herokuapp.com/,3513,0,0
1602527113449,3741,Requisição HTTP,200,OK,Grupo de Usuários 1-2,text,true,,786,130,10,10,http://projetosoap.herokuapp.com/,3741,0,0
1602527113447,3763,Requisição HTTP,200,OK,Grupo de Usuários 1-4,text,true,,786,130,10,10,http://projetosoap.herokuapp.com/,3763,0,0
1602527113853,3685,Requisição HTTP,200,OK,Grupo de Usuários 1-8,text,true,,786,130,10,10,http://projetosoap.herokuapp.com/,3685,0,0
1602527113855,3684,Requisição HTTP,200,OK,Grupo de Usuários 1-10,text,true,,786,130,10,10,http://projetosoap.herokuapp.com/,3684,0,0
1602527113856,3684,Requisição HTTP,200,OK,Grupo de Usuários 1-6,text,true,,786,130,10,10,http://projetosoap.herokuapp.com/,3684,0,0
1602527113856,3684,Requisição HTTP,200,OK,Grupo de Usuários 1-3,text,true,,786,130,10,10,http://projetosoap.herokuapp.com/,3684,0,0
1602527113856,3684,Requisição HTTP,200,OK,Grupo de Usuários 1-7,text,true,,786,130,10,10,http://projetosoap.herokuapp.com/,3684,0,0
1602527113859,3682,Requisição HTTP,200,OK,Grupo de Usuários 1-5,text,true,,786,130,10,10,http://projetosoap.herokuapp.com/,3682,0,0
1602527113861,3685,Requisição HTTP,200,OK,Grupo de Usuários 1-9,text,true,,786,130,10,10,http://projetosoap.herokuapp.com/,3685,0,0
1602527114507,3667,Requisição HTTP,200,OK,Grupo de Usuários 1-1,text,true,,786,130,10,10,http://projetosoap.herokuapp.com/,3667,0,0
1602527117191,3317,Requisição HTTP,200,OK,Grupo de Usuários 1-2,text,true,,786,130,10,10,http://projetosoap.herokuapp.com/,3317,0,0
1602527117211,3299,Requisição HTTP,200,OK,Grupo de Usuários 1-4,text,true,,786,130,10,10,http://projetosoap.herokuapp.com/,3299,0,0
1602527117540,3287,Requisição HTTP,200,OK,Grupo de Usuários 1-10,text,true,,786,130,10,10,http://projetosoap.herokuapp.com/,3287,0,0
1602527117539,3288,Requisição HTTP,200,OK,Grupo de Usuários 1-8,text,true,,786,130,10,10,http://projetosoap.herokuapp.com/,3288,0,0
1602527117541,3289,Requisição HTTP,200,OK,Grupo de Usuários 1-6,text,true,,786,130,10,10,http://projetosoap.herokuapp.com/,3289,0,0
1602527117541,3289,Requisição HTTP,200,OK,Grupo de Usuários 1-7,text,true,,786,130,10,10,http://projetosoap.herokuapp.com/,3289,0,0
1602527117542,3288,Requisição HTTP,200,OK,Grupo de Usuários 1-5,text,true,,786,130,10,10,http://projetosoap.herokuapp.com/,3288,0,0
1602527117541,3293,Requisição HTTP,200,OK,Grupo de Usuários 1-3,text,true,,786,130,10,10,http://projetosoap.herokuapp.com/,3293,0,0
1602527117547,3288,Requisição HTTP,200,OK,Grupo de Usuários 1-9,text,true,,786,130,10,10,http://projetosoap.herokuapp.com/,3288,0,0
1602527118175,3375,Requisição HTTP,200,OK,Grupo de Usuários 1-1,text,true,,786,130,10,10,http://projetosoap.herokuapp.com/,3375,0,0
1602527120509,3450,Requisição HTTP,200,OK,Grupo de Usuários 1-4,text,true,,786,130,10,10,http://projetosoap.herokuapp.com/,3450,0,0
1602527120827,3445,Requisição HTTP,200,OK,Grupo de Usuários 1-10,text,true,,786,130,10,10,http://projetosoap.herokuapp.com/,3445,0,0
1602527120508,3765,Requisição HTTP,200,OK,Grupo de Usuários 1-2,text,true,,786,130,10,10,http://projetosoap.herokuapp.com/,3765,0,0
1602527120827,3446,Requisição HTTP,200,OK,Grupo de Usuários 1-8,text,true,,786,130,10,10,http://projetosoap.herokuapp.com/,3446,0,0
1602527120829,3446,Requisição HTTP,200,OK,Grupo de Usuários 1-6,text,true,,786,130,10,10,http://projetosoap.herokuapp.com/,3446,0,0
1602527120830,3446,Requisição HTTP,200,OK,Grupo de Usuários 1-5,text,true,,786,130,10,10,http://projetosoap.herokuapp.com/,3446,0,0
1602527120829,3447,Requisição HTTP,200,OK,Grupo de Usuários 1-7,text,true,,786,130,10,10,http://projetosoap.herokuapp.com/,3447,0,0
1602527120833,3444,Requisição HTTP,200,OK,Grupo de Usuários 1-3,text,true,,786,130,10,10,http://projetosoap.herokuapp.com/,3444,0,0
1602527120835,3452,Requisição HTTP,200,OK,Grupo de Usuários 1-9,text,true,,786,130,10,10,http://projetosoap.herokuapp.com/,3452,0,0
1602527121549,2741,Requisição HTTP,200,OK,Grupo de Usuários 1-1,text,true,,786,130,10,10,http://projetosoap.herokuapp.com/,2741,0,171
1602527124273,3494,Requisição HTTP,200,OK,Grupo de Usuários 1-10,text,true,,786,130,10,10,http://projetosoap.herokuapp.com/,3494,0,160
1602527124273,3496,Requisição HTTP,200,OK,Grupo de Usuários 1-8,text,true,,786,130,10,10,http://projetosoap.herokuapp.com/,3496,0,163
1602527124276,3494,Requisição HTTP,200,OK,Grupo de Usuários 1-7,text,true,,786,130,10,10,http://projetosoap.herokuapp.com/,3494,0,164
1602527123959,3811,Requisição HTTP,200,OK,Grupo de Usuários 1-4,text,true,,786,130,10,10,http://projetosoap.herokuapp.com/,3811,0,163
1602527124273,3497,Requisição HTTP,200,OK,Grupo de Usuários 1-2,text,true,,786,130,10,10,http://projetosoap.herokuapp.com/,3497,0,166
1602527124290,3484,Requisição HTTP,200,OK,Grupo de Usuários 1-1,text,true,,786,130,10,10,http://projetosoap.herokuapp.com/,3484,0,0
1602527124275,3501,Requisição HTTP,200,OK,Grupo de Usuários 1-6,text,true,,786,130,10,10,http://projetosoap.herokuapp.com/,3501,0,171
1602527124277,3501,Requisição HTTP,200,OK,Grupo de Usuários 1-3,text,true,,786,130,10,10,http://projetosoap.herokuapp.com/,3501,0,172
1602527124276,3502,Requisição HTTP,200,OK,Grupo de Usuários 1-5,text,true,,786,130,10,10,http://projetosoap.herokuapp.com/,3502,0,170
1602527124287,3492,Requisição HTTP,200,OK,Grupo de Usuários 1-9,text,true,,786,130,10,10,http://projetosoap.herokuapp.com/,3492,0,169
1602527127767,3495,Requisição HTTP,200,OK,Grupo de Usuários 1-10,text,true,,786,130,10,10,http://projetosoap.herokuapp.com/,3495,0,0
1602527127769,3496,Requisição HTTP,200,OK,Grupo de Usuários 1-8,text,true,,786,130,10,10,http://projetosoap.herokuapp.com/,3496,0,0
1602527127770,3495,Requisição HTTP,200,OK,Grupo de Usuários 1-7,text,true,,786,130,10,10,http://projetosoap.herokuapp.com/,3495,0,0
1602527127770,3495,Requisição HTTP,200,OK,Grupo de Usuários 1-4,text,true,,786,130,10,10,http://projetosoap.herokuapp.com/,3495,0,0
1602527127770,3498,Requisição HTTP,200,OK,Grupo de Usuários 1-2,text,true,,786,130,10,10,http://projetosoap.herokuapp.com/,3498,0,0
1602527127775,3497,Requisição HTTP,200,OK,Grupo de Usuários 1-1,text,true,,786,130,10,10,http://projetosoap.herokuapp.com/,3497,0,0
1602527127777,3495,Requisição HTTP,200,OK,Grupo de Usuários 1-6,text,true,,786,130,10,10,http://projetosoap.herokuapp.com/,3495,0,0
1602527127778,3495,Requisição HTTP,200,OK,Grupo de Usuários 1-3,text,true,,786,130,10,10,http://projetosoap.herokuapp.com/,3495,0,0
1602527127779,3494,Requisição HTTP,200,OK,Grupo de Usuários 1-9,text,true,,786,130,10,10,http://projetosoap.herokuapp.com/,3494,0,0
1602527127778,3500,Requisição HTTP,200,OK,Grupo de Usuários 1-5,text,true,,786,130,10,10,http://projetosoap.herokuapp.com/,3500,0,0
1602527131263,4133,Requisição HTTP,200,OK,Grupo de Usuários 1-10,text,true,,786,130,10,10,http://projetosoap.herokuapp.com/,4133,0,0
1602527131265,4134,Requisição HTTP,200,OK,Grupo de Usuários 1-7,text,true,,786,130,10,10,http://projetosoap.herokuapp.com/,4134,0,0
1602527131265,4134,Requisição HTTP,200,OK,Grupo de Usuários 1-8,text,true,,786,130,10,10,http://projetosoap.herokuapp.com/,4134,0,0
1602527131266,4134,Requisição HTTP,200,OK,Grupo de Usuários 1-4,text,true,,786,130,10,10,http://projetosoap.herokuapp.com/,4134,0,0
1602527131268,4134,Requisição HTTP,200,OK,Grupo de Usuários 1-2,text,true,,786,130,10,10,http://projetosoap.herokuapp.com/,4134,0,0
1602527131272,4134,Requisição HTTP,200,OK,Grupo de Usuários 1-6,text,true,,786,130,10,10,http://projetosoap.herokuapp.com/,4134,0,0
1602527131273,4135,Requisição HTTP,200,OK,Grupo de Usuários 1-9,text,true,,786,130,10,10,http://projetosoap.herokuapp.com/,4135,0,0
1602527131278,4130,Requisição HTTP,200,OK,Grupo de Usuários 1-5,text,true,,786,130,10,10,http://projetosoap.herokuapp.com/,4130,0,0
1602527131273,4136,Requisição HTTP,200,OK,Grupo de Usuários 1-3,text,true,,786,130,10,10,http://projetosoap.herokuapp.com/,4136,0,0
1602527131272,4137,Requisição HTTP,200,OK,Grupo de Usuários 1-1,text,true,,786,130,10,10,http://projetosoap.herokuapp.com/,4137,0,0
1602527135396,3767,Requisição HTTP,200,OK,Grupo de Usuários 1-10,text,true,,786,130,10,10,http://projetosoap.herokuapp.com/,3767,0,0
1602527135399,3765,Requisição HTTP,200,OK,Grupo de Usuários 1-7,text,true,,786,130,10,10,http://projetosoap.herokuapp.com/,3765,0,0
1602527135399,3766,Requisição HTTP,200,OK,Grupo de Usuários 1-8,text,true,,786,130,10,10,http://projetosoap.herokuapp.com/,3766,0,0
1602527135400,3766,Requisição HTTP,200,OK,Grupo de Usuários 1-4,text,true,,786,130,10,10,http://projetosoap.herokuapp.com/,3766,0,0
1602527135402,3767,Requisição HTTP,200,OK,Grupo de Usuários 1-2,text,true,,786,130,10,10,http://projetosoap.herokuapp.com/,3767,0,0
1602527135406,3767,Requisição HTTP,200,OK,Grupo de Usuários 1-6,text,true,,786,130,10,10,http://projetosoap.herokuapp.com/,3767,0,0
1602527135409,3764,Requisição HTTP,200,OK,Grupo de Usuários 1-3,text,true,,786,130,10,10,http://projetosoap.herokuapp.com/,3764,0,0
1602527135409,3765,Requisição HTTP,200,OK,Grupo de Usuários 1-5,text,true,,786,130,10,10,http://projetosoap.herokuapp.com/,3765,0,0
1602527135409,3768,Requisição HTTP,200,OK,Grupo de Usuários 1-1,text,true,,786,130,10,10,http://projetosoap.herokuapp.com/,3768,0,0
1602527135408,3773,Requisição HTTP,200,OK,Grupo de Usuários 1-9,text,true,,786,130,10,10,http://projetosoap.herokuapp.com/,3773,0,0
1602527139163,3672,Requisição HTTP,200,OK,Grupo de Usuários 1-10,text,true,,786,130,10,10,http://projetosoap.herokuapp.com/,3672,0,0
1602527139165,3671,Requisição HTTP,200,OK,Grupo de Usuários 1-7,text,true,,786,130,10,10,http://projetosoap.herokuapp.com/,3671,0,0
1602527139166,3670,Requisição HTTP,200,OK,Grupo de Usuários 1-8,text,true,,786,130,10,10,http://projetosoap.herokuapp.com/,3670,0,0
1602527139167,3671,Requisição HTTP,200,OK,Grupo de Usuários 1-4,text,true,,786,130,10,10,http://projetosoap.herokuapp.com/,3671,0,0
1602527139169,3670,Requisição HTTP,200,OK,Grupo de Usuários 1-2,text,true,,786,130,10,10,http://projetosoap.herokuapp.com/,3670,0,0
1602527139174,3669,Requisição HTTP,200,OK,Grupo de Usuários 1-6,text,true,,786,130,10,10,http://projetosoap.herokuapp.com/,3669,0,0
1602527139177,3666,Requisição HTTP,200,OK,Grupo de Usuários 1-1,text,true,,786,130,10,10,http://projetosoap.herokuapp.com/,3666,0,0
1602527139174,3670,Requisição HTTP,200,OK,Grupo de Usuários 1-5,text,true,,786,130,10,10,http://projetosoap.herokuapp.com/,3670,0,0
1602527139181,3663,Requisição HTTP,200,OK,Grupo de Usuários 1-9,text,true,,786,130,10,10,http://projetosoap.herokuapp.com/,3663,0,0
1602527139174,3677,Requisição HTTP,200,OK,Grupo de Usuários 1-3,text,true,,786,130,10,10,http://projetosoap.herokuapp.com/,3677,0,0
1602527142835,4084,Requisição HTTP,200,OK,Grupo de Usuários 1-10,text,true,,786,130,10,10,http://projetosoap.herokuapp.com/,4084,0,0
1602527142836,4085,Requisição HTTP,200,OK,Grupo de Usuários 1-7,text,true,,786,130,10,10,http://projetosoap.herokuapp.com/,4085,0,0
1602527142836,4085,Requisição HTTP,200,OK,Grupo de Usuários 1-8,text,true,,786,130,10,10,http://projetosoap.herokuapp.com/,4085,0,0
1602527142838,4086,Requisição HTTP,200,OK,Grupo de Usuários 1-4,text,true,,786,130,10,10,http://projetosoap.herokuapp.com/,4086,0,0
1602527142839,4087,Requisição HTTP,200,OK,Grupo de Usuários 1-2,text,true,,786,130,10,10,http://projetosoap.herokuapp.com/,4087,0,0
1602527142843,4086,Requisição HTTP,200,OK,Grupo de Usuários 1-6,text,true,,786,130,10,10,http://projetosoap.herokuapp.com/,4086,0,0
1602527142844,4085,Requisição HTTP,200,OK,Grupo de Usuários 1-5,text,true,,786,130,10,10,http://projetosoap.herokuapp.com/,4085,0,0
1602527142843,4086,Requisição HTTP,200,OK,Grupo de Usuários 1-1,text,true,,786,130,10,10,http://projetosoap.herokuapp.com/,4086,0,0
1602527142851,4080,Requisição HTTP,200,OK,Grupo de Usuários 1-3,text,true,,786,130,10,10,http://projetosoap.herokuapp.com/,4080,0,0
1602527142844,4087,Requisição HTTP,200,OK,Grupo de Usuários 1-9,text,true,,786,130,10,10,http://projetosoap.herokuapp.com/,4087,0,0
1602527146921,4008,Requisição HTTP,200,OK,Grupo de Usuários 1-8,text,true,,786,130,10,10,http://projetosoap.herokuapp.com/,4008,0,0
1602527146921,4009,Requisição HTTP,200,OK,Grupo de Usuários 1-7,text,true,,786,130,10,10,http://projetosoap.herokuapp.com/,4009,0,0
1602527146919,4012,Requisição HTTP,200,OK,Grupo de Usuários 1-10,text,true,,786,130,10,10,http://projetosoap.herokuapp.com/,4012,0,0
1602527146924,4008,Requisição HTTP,200,OK,Grupo de Usuários 1-4,text,true,,786,130,10,10,http://projetosoap.herokuapp.com/,4008,0,0
1602527146926,4010,Requisição HTTP,200,OK,Grupo de Usuários 1-2,text,true,,786,130,10,10,http://projetosoap.herokuapp.com/,4010,0,0
1602527146929,4008,Requisição HTTP,200,OK,Grupo de Usuários 1-5,text,true,,786,130,10,10,http://projetosoap.herokuapp.com/,4008,0,0
1602527146931,4008,Requisição HTTP,200,OK,Grupo de Usuários 1-3,text,true,,786,130,10,10,http://projetosoap.herokuapp.com/,4008,0,0
1602527146929,4012,Requisição HTTP,200,OK,Grupo de Usuários 1-1,text,true,,786,130,10,10,http://projetosoap.herokuapp.com/,4012,0,0
1602527146929,4013,Requisição HTTP,200,OK,Grupo de Usuários 1-6,text,true,,786,130,10,10,http://projetosoap.herokuapp.com/,4013,0,0
1602527146931,4014,Requisição HTTP,200,OK,Grupo de Usuários 1-9,text,true,,786,130,10,10,http://projetosoap.herokuapp.com/,4014,0,0
1602527150931,3535,Requisição HTTP,200,OK,Grupo de Usuários 1-10,text,true,,786,130,10,10,http://projetosoap.herokuapp.com/,3535,0,0
1602527150929,3537,Requisição HTTP,200,OK,Grupo de Usuários 1-8,text,true,,786,130,10,10,http://projetosoap.herokuapp.com/,3537,0,0
1602527150930,3539,Requisição HTTP,200,OK,Grupo de Usuários 1-7,text,true,,786,130,10,10,http://projetosoap.herokuapp.com/,3539,0,0
1602527150932,3537,Requisição HTTP,200,OK,Grupo de Usuários 1-4,text,true,,786,130,10,10,http://projetosoap.herokuapp.com/,3537,0,0
1602527150936,3535,Requisição HTTP,200,OK,Grupo de Usuários 1-2,text,true,,786,130,10,10,http://projetosoap.herokuapp.com/,3535,0,0
1602527150937,3537,Requisição HTTP,200,OK,Grupo de Usuários 1-5,text,true,,786,130,10,10,http://projetosoap.herokuapp.com/,3537,0,0
1602527150941,3534,Requisição HTTP,200,OK,Grupo de Usuários 1-1,text,true,,786,130,10,10,http://projetosoap.herokuapp.com/,3534,0,0
1602527150939,3536,Requisição HTTP,200,OK,Grupo de Usuários 1-3,text,true,,786,130,10,10,http://projetosoap.herokuapp.com/,3536,0,0
1602527150942,3534,Requisição HTTP,200,OK,Grupo de Usuários 1-6,text,true,,786,130,10,10,http://projetosoap.herokuapp.com/,3534,0,0
1602527150945,3531,Requisição HTTP,200,OK,Grupo de Usuários 1-9,text,true,,786,130,10,10,http://projetosoap.herokuapp.com/,3531,0,0
1602527154466,3438,Requisição HTTP,200,OK,Grupo de Usuários 1-8,text,true,,786,130,10,10,http://projetosoap.herokuapp.com/,3438,0,0
1602527154469,3438,Requisição HTTP,200,OK,Grupo de Usuários 1-4,text,true,,786,130,10,10,http://projetosoap.herokuapp.com/,3438,0,0
1602527154471,3437,Requisição HTTP,200,OK,Grupo de Usuários 1-2,text,true,,786,130,10,10,http://projetosoap.herokuapp.com/,3437,0,0
1602527154466,3442,Requisição HTTP,200,OK,Grupo de Usuários 1-10,text,true,,786,130,10,10,http://projetosoap.herokuapp.com/,3442,0,0
1602527154469,3440,Requisição HTTP,200,OK,Grupo de Usuários 1-7,text,true,,786,130,10,10,http://projetosoap.herokuapp.com/,3440,0,0
1602527154475,3438,Requisição HTTP,200,OK,Grupo de Usuários 1-1,text,true,,786,130,10,10,http://projetosoap.herokuapp.com/,3438,0,0
1602527154474,3439,Requisição HTTP,200,OK,Grupo de Usuários 1-5,text,true,,786,130,10,10,http://projetosoap.herokuapp.com/,3439,0,0
1602527154476,3437,Requisição HTTP,200,OK,Grupo de Usuários 1-6,text,true,,786,130,10,10,http://projetosoap.herokuapp.com/,3437,0,0
1602527154477,3440,Requisição HTTP,200,OK,Grupo de Usuários 1-9,text,true,,786,130,10,10,http://projetosoap.herokuapp.com/,3440,0,0
1602527154476,3444,Requisição HTTP,200,OK,Grupo de Usuários 1-3,text,true,,786,130,10,10,http://projetosoap.herokuapp.com/,3444,0,0
1602527157905,3457,Requisição HTTP,200,OK,Grupo de Usuários 1-8,text,true,,786,130,10,10,http://projetosoap.herokuapp.com/,3457,0,0
1602527157910,3452,Requisição HTTP,200,OK,Grupo de Usuários 1-7,text,true,,786,130,10,10,http://projetosoap.herokuapp.com/,3452,0,0
1602527157907,3457,Requisição HTTP,200,OK,Grupo de Usuários 1-4,text,true,,786,130,10,10,http://projetosoap.herokuapp.com/,3457,0,0
1602527157908,3456,Requisição HTTP,200,OK,Grupo de Usuários 1-10,text,true,,786,130,10,10,http://projetosoap.herokuapp.com/,3456,0,0
1602527157908,3456,Requisição HTTP,200,OK,Grupo de Usuários 1-2,text,true,,786,130,10,10,http://projetosoap.herokuapp.com/,3456,0,0
1602527157913,3457,Requisição HTTP,200,OK,Grupo de Usuários 1-1,text,true,,786,130,10,10,http://projetosoap.herokuapp.com/,3457,0,0
1602527157913,3457,Requisição HTTP,200,OK,Grupo de Usuários 1-5,text,true,,786,130,10,10,http://projetosoap.herokuapp.com/,3457,0,0
1602527157920,3451,Requisição HTTP,200,OK,Grupo de Usuários 1-3,text,true,,786,130,10,10,http://projetosoap.herokuapp.com/,3451,0,0
1602527157917,3454,Requisição HTTP,200,OK,Grupo de Usuários 1-9,text,true,,786,130,10,10,http://projetosoap.herokuapp.com/,3454,0,0
1602527157914,3457,Requisição HTTP,200,OK,Grupo de Usuários 1-6,text,true,,786,130,10,10,http://projetosoap.herokuapp.com/,3457,0,0
1602527161365,3642,Requisição HTTP,200,OK,Grupo de Usuários 1-4,text,true,,786,130,10,10,http://projetosoap.herokuapp.com/,3642,0,0
1602527161363,3644,Requisição HTTP,200,OK,Grupo de Usuários 1-8,text,true,,786,130,10,10,http://projetosoap.herokuapp.com/,3644,0,0
1602527161365,3642,Requisição HTTP,200,OK,Grupo de Usuários 1-10,text,true,,786,130,10,10,http://projetosoap.herokuapp.com/,3642,0,0
1602527161365,3644,Requisição HTTP,200,OK,Grupo de Usuários 1-2,text,true,,786,130,10,10,http://projetosoap.herokuapp.com/,3644,0,0
1602527161371,3642,Requisição HTTP,200,OK,Grupo de Usuários 1-1,text,true,,786,130,10,10,http://projetosoap.herokuapp.com/,3642,0,0
1602527161372,3641,Requisição HTTP,200,OK,Grupo de Usuários 1-6,text,true,,786,130,10,10,http://projetosoap.herokuapp.com/,3641,0,0
1602527161371,3642,Requisição HTTP,200,OK,Grupo de Usuários 1-5,text,true,,786,130,10,10,http://projetosoap.herokuapp.com/,3642,0,0
1602527161372,3642,Requisição HTTP,200,OK,Grupo de Usuários 1-9,text,true,,786,130,9,9,http://projetosoap.herokuapp.com/,3642,0,0
1602527161372,3642,Requisição HTTP,200,OK,Grupo de Usuários 1-3,text,true,,786,130,9,9,http://projetosoap.herokuapp.com/,3642,0,0
1602527161363,3651,Requisição HTTP,200,OK,Grupo de Usuários 1-7,text,true,,786,130,9,9,http://projetosoap.herokuapp.com/,3651,0,0
1602527165006,3083,Requisição HTTP,200,OK,Grupo de Usuários 1-10,text,true,,786,130,9,9,http://projetosoap.herokuapp.com/,3083,0,0
1602527165006,3084,Requisição HTTP,200,OK,Grupo de Usuários 1-8,text,true,,786,130,8,8,http://projetosoap.herokuapp.com/,3084,0,0
1602527165006,3087,Requisição HTTP,200,OK,Grupo de Usuários 1-4,text,true,,786,130,7,7,http://projetosoap.herokuapp.com/,3087,0,0
1602527165013,3080,Requisição HTTP,200,OK,Grupo de Usuários 1-7,text,true,,786,130,7,7,http://projetosoap.herokuapp.com/,3080,0,0
1602527165008,3086,Requisição HTTP,200,OK,Grupo de Usuários 1-2,text,true,,786,130,5,5,http://projetosoap.herokuapp.com/,3086,0,0
1602527165012,3087,Requisição HTTP,200,OK,Grupo de Usuários 1-6,text,true,,786,130,4,4,http://projetosoap.herokuapp.com/,3087,0,0
1602527165012,3089,Requisição HTTP,200,OK,Grupo de Usuários 1-5,text,true,,786,130,3,3,http://projetosoap.herokuapp.com/,3089,0,0
1602527165013,3088,Requisição HTTP,200,OK,Grupo de Usuários 1-9,text,true,,786,130,3,3,http://projetosoap.herokuapp.com/,3088,0,0
1602527165013,3097,Requisição HTTP,200,OK,Grupo de Usuários 1-3,text,true,,786,130,1,1,http://projetosoap.herokuapp.com/,3097,0,0
